flight_id,airline,source,destination,route,departure_time,arrival_time,dep_date,dep_hour,overnight,duration_min,anomaly
SJ010,SpiceJet,CCU,MAA,CCU-MAA,2026-04-20 23:38:41,2026-04-21 02:32:41,2026-04-20,23,True,174.0,False
AI155,Air India,BOM,CCU,BOM-CCU,2026-04-20 23:35:41,2026-04-21 01:23:41,2026-04-20,23,True,108.0,False
UK094,Vistara,BOM,CCU,BOM-CCU,2026-04-20 23:26:41,2026-04-21 01:11:41,2026-04-20,23,True,105.0,False
AI245,Air India,BOM,CCU,BOM-CCU,2026-04-20 23:07:41,2026-04-21 01:43:41,2026-04-20,23,True,156.0,False
AI192,Air India,MAA,BOM,MAA-BOM,2026-04-20 23:05:41,2026-04-21 04:04:41,2026-04-20,23,True,299.0,False
SJ158,SpiceJet,DEL,HYD,DEL-HYD,2026-04-20 23:05:41,2026-04-21 01:24:41,2026-04-20,23,True,139.0,False
6F196,IndiGo,CCU,MAA,CCU-MAA,2026-04-20 23:04:41,2026-04-21 00:47:41,2026-04-20,23,True,103.0,False
AI080,Air India,BOM,HYD,BOM-HYD,2026-04-20 23:03:41,2026-04-21 00:35:41,2026-04-20,23,True,92.0,False
6F025,IndiGo,BLR,BOM,BLR-BOM,2026-04-20 23:02:41,2026-04-20 23:57:41,2026-04-20,23,False,55.0,False
6F251,IndiGo,DEL,BLR,DEL-BLR,2026-04-20 22:56:41,2026-04-20 23:37:41,2026-04-20,22,False,41.0,False
AI137,Air India,BOM,DEL,BOM-DEL,2026-04-20 22:49:41,2026-04-21 01:17:41,2026-04-20,22,True,148.0,False
6F026,IndiGo,BOM,CCU,BOM-CCU,2026-04-20 22:46:42,2026-04-21 03:13:42,2026-04-20,22,True,267.0,False
UK167,Vistara,DEL,MAA,DEL-MAA,2026-04-20 22:45:41,2026-04-21 01:46:41,2026-04-20,22,True,181.0,False
UK027,Vistara,BOM,CCU,BOM-CCU,2026-04-20 22:44:41,2026-04-21 01:05:41,2026-04-20,22,True,141.0,False
AI069,Air India,DEL,BOM,DEL-BOM,2026-04-20 22:43:41,2026-04-21 02:29:41,2026-04-20,22,True,226.0,False
AI058,Air India,BOM,CCU,BOM-CCU,2026-04-20 22:40:41,2026-04-21 00:18:41,2026-04-20,22,True,98.0,False
AI140,Air India,BOM,DEL,BOM-DEL,2026-04-20 22:25:41,2026-04-21 02:08:41,2026-04-20,22,True,223.0,False
SJ239,SpiceJet,BOM,CCU,BOM-CCU,2026-04-20 22:24:41,2026-04-21 00:10:41,2026-04-20,22,True,106.0,False
6F099,IndiGo,MAA,DEL,MAA-DEL,2026-04-20 22:24:41,2026-04-20 22:59:41,2026-04-20,22,False,35.0,False
AI048,Air India,CCU,DEL,CCU-DEL,2026-04-20 22:23:41,2026-04-21 02:15:41,2026-04-20,22,True,232.0,False
SJ112,SpiceJet,HYD,DEL,HYD-DEL,2026-04-20 22:20:41,2026-04-21 00:40:41,2026-04-20,22,True,140.0,False
6F164,IndiGo,BLR,BOM,BLR-BOM,2026-04-20 22:18:41,2026-04-21 00:45:41,2026-04-20,22,True,147.0,False
UK021,Vistara,HYD,MAA,HYD-MAA,2026-04-20 22:00:41,2026-04-20 23:50:41,2026-04-20,22,False,110.0,False
SJ172,SpiceJet,CCU,DEL,CCU-DEL,2026-04-20 21:58:41,2026-04-21 01:14:41,2026-04-20,21,True,196.0,False
AI060,Air India,DEL,HYD,DEL-HYD,2026-04-20 21:58:41,2026-04-20 23:51:41,2026-04-20,21,False,113.0,False
SJ205,SpiceJet,HYD,CCU,HYD-CCU,2026-04-20 21:56:41,2026-04-20 23:00:41,2026-04-20,21,False,64.0,False
SJ093,SpiceJet,BLR,BOM,BLR-BOM,2026-04-20 21:55:41,2026-04-20 23:01:41,2026-04-20,21,False,66.0,False
6F195,IndiGo,CCU,DEL,CCU-DEL,2026-04-20 21:44:41,2026-04-20 22:39:41,2026-04-20,21,False,55.0,False
UK003,Vistara,HYD,DEL,HYD-DEL,2026-04-20 21:41:41,2026-04-21 02:19:41,2026-04-20,21,True,278.0,False
UK026,Vistara,HYD,MAA,HYD-MAA,2026-04-20 21:38:41,2026-04-20 23:44:41,2026-04-20,21,False,126.0,False
6F174,IndiGo,DEL,HYD,DEL-HYD,2026-04-20 21:36:41,2026-04-20 22:16:41,2026-04-20,21,False,40.0,False
UK067,Vistara,BOM,CCU,BOM-CCU,2026-04-20 21:36:41,2026-04-21 01:02:41,2026-04-20,21,True,206.0,False
SJ149,SpiceJet,HYD,MAA,HYD-MAA,2026-04-20 21:20:41,2026-04-20 23:20:42,2026-04-20,21,False,120.00496666666666,False
6F213,IndiGo,BLR,BOM,BLR-BOM,2026-04-20 21:05:41,2026-04-21 00:32:41,2026-04-20,21,True,207.0,False
UK200,Vistara,CCU,DEL,CCU-DEL,2026-04-20 20:54:41,2026-04-20 22:45:41,2026-04-20,20,False,111.0,False
SJ214,SpiceJet,BOM,MAA,BOM-MAA,2026-04-20 20:54:41,2026-04-20 22:10:41,2026-04-20,20,False,76.0,False
SJ047,SpiceJet,HYD,BOM,HYD-BOM,2026-04-20 20:44:41,2026-04-20 21:21:41,2026-04-20,20,False,37.0,False
AI179,Air India,HYD,BOM,HYD-BOM,2026-04-20 20:41:41,2026-04-21 01:19:41,2026-04-20,20,True,278.0,False
SJ153,SpiceJet,DEL,CCU,DEL-CCU,2026-04-20 20:37:41,2026-04-20 22:00:41,2026-04-20,20,False,83.0,False
6F236,IndiGo,BOM,DEL,BOM-DEL,2026-04-20 20:35:41,2026-04-20 23:54:41,2026-04-20,20,False,199.0,False
UK059,Vistara,HYD,MAA,HYD-MAA,2026-04-20 20:33:41,2026-04-20 22:10:41,2026-04-20,20,False,97.0,False
SJ001,SpiceJet,BOM,MAA,BOM-MAA,2026-04-20 20:28:41,2026-04-21 01:15:41,2026-04-20,20,True,287.0,False
SJ049,SpiceJet,CCU,DEL,CCU-DEL,2026-04-20 20:26:41,2026-04-21 00:26:41,2026-04-20,20,True,240.0,False
6F086,IndiGo,MAA,HYD,MAA-HYD,2026-04-20 20:23:41,2026-04-20 21:00:41,2026-04-20,20,False,37.0,False
AI220,Air India,BOM,DEL,BOM-DEL,2026-04-20 20:19:41,2026-04-20 21:57:41,2026-04-20,20,False,98.0,False
AI188,Air India,CCU,HYD,CCU-HYD,2026-04-20 20:16:41,2026-04-20 23:02:41,2026-04-20,20,False,166.0,False
6F114,IndiGo,BOM,MAA,BOM-MAA,2026-04-20 20:10:41,2026-04-20 21:00:41,2026-04-20,20,False,50.0,False
SJ179,SpiceJet,DEL,HYD,DEL-HYD,2026-04-20 20:09:41,2026-04-20 23:39:41,2026-04-20,20,False,210.0,False
6F190,IndiGo,DEL,MAA,DEL-MAA,2026-04-20 20:02:41,2026-04-21 00:36:41,2026-04-20,20,True,274.0,False
SJ003,SpiceJet,MAA,CCU,MAA-CCU,2026-04-20 19:50:41,2026-04-20 20:32:41,2026-04-20,19,False,42.0,False
6F028,IndiGo,HYD,CCU,HYD-CCU,2026-04-20 19:49:41,2026-04-20 21:49:41,2026-04-20,19,False,120.0,False
UK036,Vistara,CCU,BLR,CCU-BLR,2026-04-20 19:48:41,2026-04-21 00:12:41,2026-04-20,19,True,264.0,False
SJ160,SpiceJet,MAA,BLR,MAA-BLR,2026-04-20 19:45:41,2026-04-20 20:30:41,2026-04-20,19,False,45.0,False
6F151,IndiGo,CCU,HYD,CCU-HYD,2026-04-20 19:44:41,2026-04-20 22:04:41,2026-04-20,19,False,140.0,False
UK140,Vistara,MAA,BLR,MAA-BLR,2026-04-20 19:37:41,2026-04-20 21:00:41,2026-04-20,19,False,83.0,False
AI115,Air India,MAA,BLR,MAA-BLR,2026-04-20 19:37:41,2026-04-21 00:26:41,2026-04-20,19,True,289.0,False
AI132,Air India,BLR,BOM,BLR-BOM,2026-04-20 19:32:41,2026-04-20 21:41:41,2026-04-20,19,False,129.0,False
UK209,Vistara,MAA,BLR,MAA-BLR,2026-04-20 19:02:41,2026-04-20 21:47:41,2026-04-20,19,False,165.0,False
SJ043,SpiceJet,MAA,DEL,MAA-DEL,2026-04-20 18:59:41,2026-04-20 21:08:41,2026-04-20,18,False,129.0,False
UK176,Vistara,HYD,BLR,HYD-BLR,2026-04-20 18:41:41,2026-04-20 22:49:41,2026-04-20,18,False,248.0,False
UK216,Vistara,MAA,HYD,MAA-HYD,2026-04-20 18:33:41,2026-04-20 21:47:41,2026-04-20,18,False,194.0,False
UK150,Vistara,DEL,CCU,DEL-CCU,2026-04-20 18:31:41,2026-04-20 19:01:41,2026-04-20,18,False,30.0,False
UK145,Vistara,BOM,HYD,BOM-HYD,2026-04-20 18:30:41,2026-04-20 20:41:41,2026-04-20,18,False,131.0,False
6F270,IndiGo,HYD,MAA,HYD-MAA,2026-04-20 18:14:41,2026-04-20 19:02:41,2026-04-20,18,False,48.0,False
6F012,IndiGo,CCU,HYD,CCU-HYD,2026-04-20 18:06:41,2026-04-20 21:31:41,2026-04-20,18,False,205.0,False
SJ236,SpiceJet,MAA,BOM,MAA-BOM,2026-04-20 18:03:41,2026-04-20 22:02:41,2026-04-20,18,False,239.0,False
6F149,IndiGo,BLR,CCU,BLR-CCU,2026-04-20 17:57:41,2026-04-20 20:42:41,2026-04-20,17,False,165.0,False
UK004,Vistara,BOM,CCU,BOM-CCU,2026-04-20 17:56:41,2026-04-20 18:30:41,2026-04-20,17,False,34.0,False
UK010,Vistara,MAA,HYD,MAA-HYD,2026-04-20 17:53:41,2026-04-20 20:40:41,2026-04-20,17,False,167.0,False
UK215,Vistara,BOM,DEL,BOM-DEL,2026-04-20 17:38:41,2026-04-20 19:50:41,2026-04-20,17,False,132.0,False
SJ116,SpiceJet,HYD,CCU,HYD-CCU,2026-04-20 17:33:41,2026-04-20 19:02:41,2026-04-20,17,False,89.0,False
SJ023,SpiceJet,HYD,MAA,HYD-MAA,2026-04-20 17:27:41,2026-04-20 19:09:41,2026-04-20,17,False,102.0,False
UK152,Vistara,BOM,CCU,BOM-CCU,2026-04-20 17:24:41,2026-04-20 20:13:41,2026-04-20,17,False,169.0,False
SJ202,SpiceJet,CCU,HYD,CCU-HYD,2026-04-20 17:21:41,2026-04-20 19:08:41,2026-04-20,17,False,107.0,False
6F043,IndiGo,BOM,HYD,BOM-HYD,2026-04-20 17:17:41,2026-04-20 18:43:41,2026-04-20,17,False,86.0,False
UK173,Vistara,MAA,BLR,MAA-BLR,2026-04-20 17:06:41,2026-04-20 21:22:41,2026-04-20,17,False,256.0,False
SJ081,SpiceJet,BOM,BLR,BOM-BLR,2026-04-20 17:04:41,2026-04-20 18:53:41,2026-04-20,17,False,109.0,False
UK153,Vistara,CCU,HYD,CCU-HYD,2026-04-20 16:52:41,2026-04-20 20:53:41,2026-04-20,16,False,241.0,False
UK187,Vistara,BLR,BOM,BLR-BOM,2026-04-20 16:52:41,2026-04-20 18:42:41,2026-04-20,16,False,110.0,False
UK055,Vistara,HYD,DEL,HYD-DEL,2026-04-20 16:48:41,2026-04-20 19:31:41,2026-04-20,16,False,163.0,False
UK181,Vistara,MAA,DEL,MAA-DEL,2026-04-20 16:44:41,2026-04-20 19:26:41,2026-04-20,16,False,162.0,False
UK074,Vistara,BOM,DEL,BOM-DEL,2026-04-20 16:44:41,2026-04-20 18:41:41,2026-04-20,16,False,117.0,False
SJ068,SpiceJet,BLR,BOM,BLR-BOM,2026-04-20 16:44:41,2026-04-20 18:48:41,2026-04-20,16,False,124.0,False
AI242,Air India,BLR,CCU,BLR-CCU,2026-04-20 16:41:41,2026-04-20 17:43:41,2026-04-20,16,False,62.0,False
SJ237,SpiceJet,BOM,CCU,BOM-CCU,2026-04-20 16:32:41,2026-04-20 19:00:41,2026-04-20,16,False,148.0,False
6F194,IndiGo,BOM,CCU,BOM-CCU,2026-04-20 16:29:41,2026-04-20 18:27:41,2026-04-20,16,False,118.0,False
UK063,Vistara,DEL,BOM,DEL-BOM,2026-04-20 16:29:41,2026-04-20 17:41:41,2026-04-20,16,False,72.0,False
UK068,Vistara,BLR,MAA,BLR-MAA,2026-04-20 16:28:41,2026-04-20 18:09:41,2026-04-20,16,False,101.0,False
UK224,Vistara,CCU,MAA,CCU-MAA,2026-04-20 16:25:41,2026-04-20 20:24:41,2026-04-20,16,False,239.0,False
UK077,Vistara,HYD,BOM,HYD-BOM,2026-04-20 16:22:41,2026-04-20 18:00:41,2026-04-20,16,False,98.0,False
UK207,Vistara,MAA,CCU,MAA-CCU,2026-04-20 16:21:41,2026-04-20 17:36:41,2026-04-20,16,False,75.0,False
AI221,Air India,MAA,HYD,MAA-HYD,2026-04-20 16:18:41,2026-04-20 18:54:41,2026-04-20,16,False,156.0,False
UK109,Vistara,BLR,BOM,BLR-BOM,2026-04-20 16:06:41,2026-04-20 17:06:42,2026-04-20,16,False,60.00496666666666,False
UK089,Vistara,BOM,HYD,BOM-HYD,2026-04-20 15:38:41,2026-04-20 19:50:41,2026-04-20,15,False,252.0,False
AI072,Air India,BLR,CCU,BLR-CCU,2026-04-20 15:34:41,2026-04-20 16:32:41,2026-04-20,15,False,58.0,False
UK131,Vistara,BOM,DEL,BOM-DEL,2026-04-20 15:33:41,2026-04-20 19:39:41,2026-04-20,15,False,246.0,False
SJ150,SpiceJet,BOM,HYD,BOM-HYD,2026-04-20 15:33:41,2026-04-20 19:03:41,2026-04-20,15,False,210.0,False
6F097,IndiGo,BLR,BOM,BLR-BOM,2026-04-20 15:32:41,2026-04-20 16:49:41,2026-04-20,15,False,77.0,False
6F123,IndiGo,DEL,HYD,DEL-HYD,2026-04-20 15:26:41,2026-04-20 17:12:41,2026-04-20,15,False,106.0,False
6F017,IndiGo,CCU,BOM,CCU-BOM,2026-04-20 15:25:41,2026-04-20 18:06:41,2026-04-20,15,False,161.0,False
6F245,IndiGo,CCU,BOM,CCU-BOM,2026-04-20 15:25:41,2026-04-20 18:06:41,2026-04-20,15,False,161.0,False
6F180,IndiGo,MAA,BLR,MAA-BLR,2026-04-20 15:24:41,2026-04-20 19:48:41,2026-04-20,15,False,264.0,False
6F152,IndiGo,CCU,DEL,CCU-DEL,2026-04-20 15:21:41,2026-04-20 17:25:41,2026-04-20,15,False,124.0,False
SJ034,SpiceJet,MAA,BOM,MAA-BOM,2026-04-20 15:20:41,2026-04-20 20:11:41,2026-04-20,15,False,291.0,False
SJ142,SpiceJet,CCU,BOM,CCU-BOM,2026-04-20 15:14:41,2026-04-20 16:56:41,2026-04-20,15,False,102.0,False
UK189,Vistara,BLR,MAA,BLR-MAA,2026-04-20 15:07:41,2026-04-20 18:51:41,2026-04-20,15,False,224.0,False
SJ044,SpiceJet,DEL,CCU,DEL-CCU,2026-04-20 15:06:41,2026-04-20 17:43:41,2026-04-20,15,False,157.0,False
SJ196,SpiceJet,DEL,HYD,DEL-HYD,2026-04-20 14:58:41,2026-04-20 17:44:41,2026-04-20,14,False,166.0,False
6F188,IndiGo,DEL,HYD,DEL-HYD,2026-04-20 14:57:41,2026-04-20 19:39:41,2026-04-20,14,False,282.0,False
6F181,IndiGo,BOM,MAA,BOM-MAA,2026-04-20 14:55:41,2026-04-20 16:43:41,2026-04-20,14,False,108.0,False
6F077,IndiGo,CCU,DEL,CCU-DEL,2026-04-20 14:55:41,2026-04-20 19:13:41,2026-04-20,14,False,258.0,False
SJ154,SpiceJet,BLR,HYD,BLR-HYD,2026-04-20 14:47:41,2026-04-20 16:26:41,2026-04-20,14,False,99.0,False
AI025,Air India,HYD,DEL,HYD-DEL,2026-04-20 14:46:41,2026-04-20 17:11:41,2026-04-20,14,False,145.0,False
AI094,Air India,DEL,BLR,DEL-BLR,2026-04-20 14:44:41,2026-04-20 15:44:42,2026-04-20,14,False,60.00496666666666,False
6F191,IndiGo,BLR,DEL,BLR-DEL,2026-04-20 14:41:41,2026-04-20 15:11:41,2026-04-20,14,False,30.0,False
SJ085,SpiceJet,BLR,MAA,BLR-MAA,2026-04-20 14:41:41,2026-04-20 19:11:41,2026-04-20,14,False,270.0,False
6F261,IndiGo,CCU,DEL,CCU-DEL,2026-04-20 14:31:41,2026-04-20 17:29:41,2026-04-20,14,False,178.0,False
6F129,IndiGo,DEL,CCU,DEL-CCU,2026-04-20 14:28:41,2026-04-20 16:47:41,2026-04-20,14,False,139.0,False
6F254,IndiGo,MAA,BLR,MAA-BLR,2026-04-20 14:26:41,2026-04-20 18:01:41,2026-04-20,14,False,215.0,False
SJ185,SpiceJet,BOM,CCU,BOM-CCU,2026-04-20 14:21:41,2026-04-20 15:21:41,2026-04-20,14,False,60.0,False
6F030,IndiGo,BOM,DEL,BOM-DEL,2026-04-20 14:20:41,2026-04-20 17:10:41,2026-04-20,14,False,170.0,False
SJ222,SpiceJet,BOM,DEL,BOM-DEL,2026-04-20 14:15:41,2026-04-20 17:09:41,2026-04-20,14,False,174.0,False
6F259,IndiGo,BOM,DEL,BOM-DEL,2026-04-20 14:10:41,2026-04-20 15:21:41,2026-04-20,14,False,71.0,False
UK083,Vistara,DEL,HYD,DEL-HYD,2026-04-20 14:10:41,2026-04-20 14:59:41,2026-04-20,14,False,49.0,False
6F051,IndiGo,BLR,BOM,BLR-BOM,2026-04-20 13:58:41,2026-04-20 15:58:41,2026-04-20,13,False,120.0,False
SJ088,SpiceJet,CCU,MAA,CCU-MAA,2026-04-20 13:54:41,2026-04-20 14:26:41,2026-04-20,13,False,32.0,False
6F146,IndiGo,HYD,MAA,HYD-MAA,2026-04-20 13:51:41,2026-04-20 15:07:41,2026-04-20,13,False,76.0,False
6F047,IndiGo,MAA,DEL,MAA-DEL,2026-04-20 13:50:41,2026-04-20 15:55:41,2026-04-20,13,False,125.0,False
AI077,Air India,CCU,HYD,CCU-HYD,2026-04-20 13:45:41,2026-04-20 14:51:41,2026-04-20,13,False,66.0,False
UK134,Vistara,HYD,CCU,HYD-CCU,2026-04-20 13:44:41,2026-04-20 17:26:41,2026-04-20,13,False,222.0,False
AI056,Air India,DEL,MAA,DEL-MAA,2026-04-20 13:44:41,2026-04-20 17:39:41,2026-04-20,13,False,235.0,False
UK141,Vistara,HYD,MAA,HYD-MAA,2026-04-20 13:38:41,2026-04-20 15:59:41,2026-04-20,13,False,141.0,False
AI030,Air India,CCU,HYD,CCU-HYD,2026-04-20 13:33:41,2026-04-20 16:52:41,2026-04-20,13,False,199.0,False
AI029,Air India,MAA,DEL,MAA-DEL,2026-04-20 13:29:41,2026-04-20 17:53:41,2026-04-20,13,False,264.0,False
SJ167,SpiceJet,MAA,CCU,MAA-CCU,2026-04-20 13:18:41,2026-04-20 14:12:41,2026-04-20,13,False,54.0,False
UK017,Vistara,BLR,HYD,BLR-HYD,2026-04-20 13:14:41,2026-04-20 14:49:41,2026-04-20,13,False,95.0,False
6F229,IndiGo,MAA,DEL,MAA-DEL,2026-04-20 13:10:41,2026-04-20 14:30:41,2026-04-20,13,False,80.0,False
SJ117,SpiceJet,MAA,BLR,MAA-BLR,2026-04-20 13:10:41,2026-04-20 17:06:41,2026-04-20,13,False,236.0,False
6F184,IndiGo,MAA,BOM,MAA-BOM,2026-04-20 13:05:41,2026-04-20 16:04:41,2026-04-20,13,False,179.0,False
AI031,Air India,DEL,MAA,DEL-MAA,2026-04-20 13:05:41,2026-04-20 16:11:41,2026-04-20,13,False,186.0,False
AI178,Air India,CCU,BLR,CCU-BLR,2026-04-20 13:04:41,2026-04-20 14:03:41,2026-04-20,13,False,59.0,False
SJ089,SpiceJet,HYD,CCU,HYD-CCU,2026-04-20 12:42:41,2026-04-20 17:15:41,2026-04-20,12,False,273.0,False
UK166,Vistara,HYD,MAA,HYD-MAA,2026-04-20 12:39:41,2026-04-20 17:32:41,2026-04-20,12,False,293.0,False
UK104,Vistara,DEL,BOM,DEL-BOM,2026-04-20 12:30:41,2026-04-20 13:52:41,2026-04-20,12,False,82.0,False
6F168,IndiGo,HYD,DEL,HYD-DEL,2026-04-20 12:18:41,2026-04-20 15:58:41,2026-04-20,12,False,220.0,False
AI222,Air India,BOM,DEL,BOM-DEL,2026-04-20 12:10:41,2026-04-20 13:14:41,2026-04-20,12,False,64.0,False
SJ025,SpiceJet,BOM,CCU,BOM-CCU,2026-04-20 12:02:41,2026-04-20 15:29:41,2026-04-20,12,False,207.0,False
6F255,IndiGo,DEL,BOM,DEL-BOM,2026-04-20 11:59:41,2026-04-20 15:33:41,2026-04-20,11,False,214.0,False
UK228,Vistara,DEL,MAA,DEL-MAA,2026-04-20 11:58:41,2026-04-20 15:08:41,2026-04-20,11,False,190.0,False
6F158,IndiGo,CCU,MAA,CCU-MAA,2026-04-20 11:58:41,2026-04-20 16:04:41,2026-04-20,11,False,246.0,False
SJ218,SpiceJet,DEL,HYD,DEL-HYD,2026-04-20 11:58:41,2026-04-20 15:03:41,2026-04-20,11,False,185.0,False
6F034,IndiGo,BOM,DEL,BOM-DEL,2026-04-20 11:53:41,2026-04-20 12:49:41,2026-04-20,11,False,56.0,False
UK156,Vistara,MAA,BLR,MAA-BLR,2026-04-20 11:50:41,2026-04-20 15:54:41,2026-04-20,11,False,244.0,False
6F105,IndiGo,BLR,BOM,BLR-BOM,2026-04-20 11:46:41,2026-04-20 12:58:41,2026-04-20,11,False,72.0,False
6F073,IndiGo,DEL,CCU,DEL-CCU,2026-04-20 11:38:41,2026-04-20 15:18:41,2026-04-20,11,False,220.0,False
SJ074,SpiceJet,DEL,CCU,DEL-CCU,2026-04-20 11:21:41,2026-04-20 12:02:41,2026-04-20,11,False,41.0,False
6F234,IndiGo,BOM,DEL,BOM-DEL,2026-04-20 11:20:41,2026-04-20 14:11:41,2026-04-20,11,False,171.0,False
6F068,IndiGo,BLR,HYD,BLR-HYD,2026-04-20 11:17:41,2026-04-20 15:06:41,2026-04-20,11,False,229.0,False
6F074,IndiGo,HYD,BOM,HYD-BOM,2026-04-20 11:09:41,2026-04-20 14:29:41,2026-04-20,11,False,200.0,False
AI038,Air India,HYD,MAA,HYD-MAA,2026-04-20 11:05:41,2026-04-20 15:44:41,2026-04-20,11,False,279.0,False
AI079,Air India,CCU,BLR,CCU-BLR,2026-04-20 11:04:41,2026-04-20 13:19:41,2026-04-20,11,False,135.0,False
SJ018,SpiceJet,BOM,CCU,BOM-CCU,2026-04-20 10:58:41,2026-04-20 13:31:41,2026-04-20,10,False,153.0,False
6F018,IndiGo,DEL,BLR,DEL-BLR,2026-04-20 10:57:41,2026-04-20 11:43:41,2026-04-20,10,False,46.0,False
AI091,Air India,CCU,MAA,CCU-MAA,2026-04-20 10:52:41,2026-04-20 15:15:41,2026-04-20,10,False,263.0,False
UK071,Vistara,DEL,HYD,DEL-HYD,2026-04-20 10:50:41,2026-04-20 14:06:41,2026-04-20,10,False,196.0,False
AI019,Air India,BOM,CCU,BOM-CCU,2026-04-20 10:49:41,2026-04-20 11:51:41,2026-04-20,10,False,62.0,False
UK212,Vistara,HYD,MAA,HYD-MAA,2026-04-20 10:46:41,2026-04-20 11:31:41,2026-04-20,10,False,45.0,False
AI146,Air India,BLR,DEL,BLR-DEL,2026-04-20 10:40:41,2026-04-20 13:46:41,2026-04-20,10,False,186.0,False
6F232,IndiGo,MAA,BLR,MAA-BLR,2026-04-20 10:39:41,2026-04-20 12:22:41,2026-04-20,10,False,103.0,False
6F084,IndiGo,CCU,HYD,CCU-HYD,2026-04-20 10:34:41,2026-04-20 11:34:42,2026-04-20,10,False,60.00496666666666,False
AI129,Air India,BOM,CCU,BOM-CCU,2026-04-20 10:29:41,2026-04-20 13:38:41,2026-04-20,10,False,189.0,False
AI240,Air India,MAA,DEL,MAA-DEL,2026-04-20 10:19:41,2026-04-20 12:46:41,2026-04-20,10,False,147.0,False
6F091,IndiGo,BLR,CCU,BLR-CCU,2026-04-20 10:10:41,2026-04-20 11:36:41,2026-04-20,10,False,86.0,False
UK133,Vistara,BOM,DEL,BOM-DEL,2026-04-20 10:04:41,2026-04-20 13:16:41,2026-04-20,10,False,192.0,False
SJ007,SpiceJet,BOM,CCU,BOM-CCU,2026-04-20 10:03:41,2026-04-20 14:53:41,2026-04-20,10,False,290.0,False
SJ141,SpiceJet,CCU,DEL,CCU-DEL,2026-04-20 10:00:41,2026-04-20 13:37:41,2026-04-20,10,False,217.0,False
6F049,IndiGo,HYD,DEL,HYD-DEL,2026-04-20 10:00:41,2026-04-20 13:13:41,2026-04-20,10,False,193.0,False
SJ235,SpiceJet,BOM,DEL,BOM-DEL,2026-04-20 09:57:41,2026-04-20 13:45:41,2026-04-20,9,False,228.0,False
UK087,Vistara,HYD,MAA,HYD-MAA,2026-04-20 09:49:41,2026-04-20 13:17:41,2026-04-20,9,False,208.0,False
UK170,Vistara,BOM,BLR,BOM-BLR,2026-04-20 09:42:41,2026-04-20 11:32:41,2026-04-20,9,False,110.0,False
SJ078,SpiceJet,DEL,HYD,DEL-HYD,2026-04-20 09:41:41,2026-04-20 12:49:41,2026-04-20,9,False,188.0,False
SJ075,SpiceJet,MAA,BLR,MAA-BLR,2026-04-20 09:26:41,2026-04-20 11:03:41,2026-04-20,9,False,97.0,False
AI159,Air India,HYD,BLR,HYD-BLR,2026-04-20 09:23:41,2026-04-20 11:36:41,2026-04-20,9,False,133.0,False
UK120,Vistara,HYD,DEL,HYD-DEL,2026-04-20 09:19:41,2026-04-20 13:30:41,2026-04-20,9,False,251.0,False
AI059,Air India,CCU,DEL,CCU-DEL,2026-04-20 09:16:41,2026-04-20 11:43:41,2026-04-20,9,False,147.0,False
UK040,Vistara,HYD,CCU,HYD-CCU,2026-04-20 09:15:41,2026-04-20 10:32:41,2026-04-20,9,False,77.0,False
AI044,Air India,MAA,BLR,MAA-BLR,2026-04-20 09:03:41,2026-04-20 12:36:41,2026-04-20,9,False,213.0,False
AI078,Air India,DEL,BOM,DEL-BOM,2026-04-20 08:58:41,2026-04-20 13:28:41,2026-04-20,8,False,270.0,False
SJ226,SpiceJet,HYD,BOM,HYD-BOM,2026-04-20 08:47:41,2026-04-20 12:54:41,2026-04-20,8,False,247.0,False
6F209,IndiGo,MAA,CCU,MAA-CCU,2026-04-20 08:40:41,2026-04-20 13:40:41,2026-04-20,8,False,300.0,False
UK193,Vistara,HYD,DEL,HYD-DEL,2026-04-20 08:39:41,2026-04-20 09:14:41,2026-04-20,8,False,35.0,False
6F092,IndiGo,MAA,BLR,MAA-BLR,2026-04-20 08:39:41,2026-04-20 09:15:41,2026-04-20,8,False,36.0,False
AI208,Air India,BLR,BOM,BLR-BOM,2026-04-20 08:38:41,2026-04-20 11:52:41,2026-04-20,8,False,194.0,False
SJ227,SpiceJet,BOM,CCU,BOM-CCU,2026-04-20 08:32:41,2026-04-20 12:53:41,2026-04-20,8,False,261.0,False
6F238,IndiGo,BOM,DEL,BOM-DEL,2026-04-20 08:31:41,2026-04-20 09:19:41,2026-04-20,8,False,48.0,False
AI084,Air India,BOM,HYD,BOM-HYD,2026-04-20 08:31:41,2026-04-20 09:46:41,2026-04-20,8,False,75.0,False
SJ228,SpiceJet,BOM,CCU,BOM-CCU,2026-04-20 08:29:41,2026-04-20 12:16:41,2026-04-20,8,False,227.0,False
UK194,Vistara,CCU,BOM,CCU-BOM,2026-04-20 08:26:41,2026-04-20 09:26:42,2026-04-20,8,False,60.00495,False
6F126,IndiGo,CCU,MAA,CCU-MAA,2026-04-20 08:21:41,2026-04-20 09:39:41,2026-04-20,8,False,78.0,False
SJ052,SpiceJet,MAA,BLR,MAA-BLR,2026-04-20 08:20:41,2026-04-20 09:57:41,2026-04-20,8,False,97.0,False
AI233,Air India,BLR,BOM,BLR-BOM,2026-04-20 08:04:41,2026-04-20 09:52:41,2026-04-20,8,False,108.0,False
AI213,Air India,HYD,CCU,HYD-CCU,2026-04-20 08:03:41,2026-04-20 09:14:41,2026-04-20,8,False,71.0,False
UK076,Vistara,MAA,CCU,MAA-CCU,2026-04-20 08:03:41,2026-04-20 12:26:41,2026-04-20,8,False,263.0,False
SJ022,SpiceJet,DEL,BLR,DEL-BLR,2026-04-20 07:56:41,2026-04-20 11:07:41,2026-04-20,7,False,191.0,False
SJ002,SpiceJet,DEL,BOM,DEL-BOM,2026-04-20 07:54:41,2026-04-20 12:40:41,2026-04-20,7,False,286.0,False
AI163,Air India,HYD,MAA,HYD-MAA,2026-04-20 07:45:41,2026-04-20 08:46:41,2026-04-20,7,False,61.0,False
UK229,Vistara,HYD,DEL,HYD-DEL,2026-04-20 07:40:41,2026-04-20 11:57:41,2026-04-20,7,False,257.0,False
UK185,Vistara,DEL,MAA,DEL-MAA,2026-04-20 07:31:41,2026-04-20 08:48:41,2026-04-20,7,False,77.0,False
6F029,IndiGo,BOM,BLR,BOM-BLR,2026-04-20 07:31:41,2026-04-20 11:45:41,2026-04-20,7,False,254.0,False
6F056,IndiGo,BOM,MAA,BOM-MAA,2026-04-20 07:00:41,2026-04-20 08:49:41,2026-04-20,7,False,109.0,False
AI062,Air India,MAA,DEL,MAA-DEL,2026-04-20 06:49:41,2026-04-20 07:25:41,2026-04-20,6,False,36.0,False
UK034,Vistara,DEL,BLR,DEL-BLR,2026-04-20 06:47:41,2026-04-20 10:11:41,2026-04-20,6,False,204.0,False
UK079,Vistara,DEL,BLR,DEL-BLR,2026-04-20 06:43:41,2026-04-20 10:34:41,2026-04-20,6,False,231.0,False
AI135,Air India,BLR,BOM,BLR-BOM,2026-04-20 06:40:41,2026-04-20 09:21:41,2026-04-20,6,False,161.0,False
SJ061,SpiceJet,MAA,BLR,MAA-BLR,2026-04-20 06:38:41,2026-04-20 09:35:41,2026-04-20,6,False,177.0,False
AI047,Air India,CCU,MAA,CCU-MAA,2026-04-20 06:36:41,2026-04-20 07:23:41,2026-04-20,6,False,47.0,False
UK210,Vistara,DEL,CCU,DEL-CCU,2026-04-20 06:35:41,2026-04-20 07:30:41,2026-04-20,6,False,55.0,False
AI088,Air India,MAA,DEL,MAA-DEL,2026-04-20 06:34:41,2026-04-20 10:10:41,2026-04-20,6,False,216.0,False
UK177,Vistara,DEL,HYD,DEL-HYD,2026-04-20 06:21:41,2026-04-20 10:50:41,2026-04-20,6,False,269.0,False
AI128,Air India,BOM,CCU,BOM-CCU,2026-04-20 06:07:41,2026-04-20 10:03:41,2026-04-20,6,False,236.0,False
AI158,Air India,CCU,DEL,CCU-DEL,2026-04-20 06:04:41,2026-04-20 09:01:41,2026-04-20,6,False,177.0,False
UK206,Vistara,MAA,BLR,MAA-BLR,2026-04-20 06:01:41,2026-04-20 10:34:41,2026-04-20,6,False,273.0,False
SJ138,SpiceJet,BLR,BOM,BLR-BOM,2026-04-20 05:55:41,2026-04-20 06:43:41,2026-04-20,5,False,48.0,False
AI034,Air India,DEL,BOM,DEL-BOM,2026-04-20 05:48:41,2026-04-20 10:31:41,2026-04-20,5,False,283.0,False
AI012,Air India,BOM,CCU,BOM-CCU,2026-04-20 05:44:41,2026-04-20 09:47:41,2026-04-20,5,False,243.0,False
6F083,IndiGo,BLR,DEL,BLR-DEL,2026-04-20 05:24:41,2026-04-20 06:03:41,2026-04-20,5,False,39.0,False
SJ083,SpiceJet,MAA,BLR,MAA-BLR,2026-04-20 05:13:41,2026-04-20 08:17:41,2026-04-20,5,False,184.0,False
SJ186,SpiceJet,CCU,DEL,CCU-DEL,2026-04-20 05:11:41,2026-04-20 07:22:41,2026-04-20,5,False,131.0,False
UK001,Vistara,CCU,DEL,CCU-DEL,2026-04-20 05:06:41,2026-04-20 06:31:41,2026-04-20,5,False,85.0,False
AI217,Air India,CCU,BLR,CCU-BLR,2026-04-20 04:57:41,2026-04-20 07:14:41,2026-04-20,4,False,137.0,False
6F178,IndiGo,BOM,CCU,BOM-CCU,2026-04-20 04:48:41,2026-04-20 09:11:41,2026-04-20,4,False,263.0,False
UK015,Vistara,BLR,BOM,BLR-BOM,2026-04-20 04:46:41,2026-04-20 06:33:41,2026-04-20,4,False,107.0,False
AI112,Air India,DEL,BLR,DEL-BLR,2026-04-20 04:41:41,2026-04-20 08:24:41,2026-04-20,4,False,223.0,False
UK100,Vistara,CCU,BLR,CCU-BLR,2026-04-20 04:40:41,2026-04-20 07:12:41,2026-04-20,4,False,152.0,False
6F133,IndiGo,MAA,BLR,MAA-BLR,2026-04-20 04:38:41,2026-04-20 06:25:41,2026-04-20,4,False,107.0,False
AI227,Air India,BLR,MAA,BLR-MAA,2026-04-20 04:31:41,2026-04-20 08:17:41,2026-04-20,4,False,226.0,False
UK093,Vistara,HYD,CCU,HYD-CCU,2026-04-20 04:31:41,2026-04-20 05:21:41,2026-04-20,4,False,50.0,False
UK203,Vistara,BLR,HYD,BLR-HYD,2026-04-20 04:12:41,2026-04-20 05:24:41,2026-04-20,4,False,72.0,False
UK154,Vistara,MAA,HYD,MAA-HYD,2026-04-20 04:00:41,2026-04-20 07:57:41,2026-04-20,4,False,237.0,False
UK073,Vistara,BLR,CCU,BLR-CCU,2026-04-20 03:59:41,2026-04-20 08:09:41,2026-04-20,3,False,250.0,False
AI164,Air India,DEL,BLR,DEL-BLR,2026-04-20 03:57:41,2026-04-20 05:45:41,2026-04-20,3,False,108.0,False
UK008,Vistara,CCU,BLR,CCU-BLR,2026-04-20 03:57:41,2026-04-20 04:34:41,2026-04-20,3,False,37.0,False
UK051,Vistara,HYD,DEL,HYD-DEL,2026-04-20 03:55:41,2026-04-20 06:55:41,2026-04-20,3,False,180.0,False
UK208,Vistara,DEL,CCU,DEL-CCU,2026-04-20 03:54:41,2026-04-20 08:51:41,2026-04-20,3,False,297.0,False
AI150,Air India,BOM,DEL,BOM-DEL,2026-04-20 03:51:41,2026-04-20 04:38:41,2026-04-20,3,False,47.0,False
AI189,Air India,CCU,DEL,CCU-DEL,2026-04-20 03:44:41,2026-04-20 05:32:41,2026-04-20,3,False,108.0,False
6F230,IndiGo,CCU,BLR,CCU-BLR,2026-04-20 03:34:41,2026-04-20 06:47:41,2026-04-20,3,False,193.0,False
6F169,IndiGo,BOM,DEL,BOM-DEL,2026-04-20 03:27:41,2026-04-20 08:06:41,2026-04-20,3,False,279.0,False
AI205,Air India,BLR,BOM,BLR-BOM,2026-04-20 03:26:41,2026-04-20 05:14:41,2026-04-20,3,False,108.0,False
AI103,Air India,BLR,BOM,BLR-BOM,2026-04-20 03:26:41,2026-04-20 04:04:41,2026-04-20,3,False,38.0,False
6F250,IndiGo,DEL,BLR,DEL-BLR,2026-04-20 03:26:41,2026-04-20 07:30:41,2026-04-20,3,False,244.0,False
AI246,Air India,BOM,BLR,BOM-BLR,2026-04-20 03:22:41,2026-04-20 06:41:41,2026-04-20,3,False,199.0,False
6F187,IndiGo,BOM,MAA,BOM-MAA,2026-04-20 03:19:41,2026-04-20 07:37:41,2026-04-20,3,False,258.0,False
AI082,Air India,DEL,CCU,DEL-CCU,2026-04-20 03:19:41,2026-04-20 06:01:41,2026-04-20,3,False,162.0,False
UK116,Vistara,CCU,BOM,CCU-BOM,2026-04-20 03:18:41,2026-04-20 07:06:41,2026-04-20,3,False,228.0,False
SJ169,SpiceJet,BOM,MAA,BOM-MAA,2026-04-20 03:10:41,2026-04-20 07:56:41,2026-04-20,3,False,286.0,False
AI175,Air India,BOM,HYD,BOM-HYD,2026-04-20 03:08:41,2026-04-20 06:55:41,2026-04-20,3,False,227.0,False
SJ098,SpiceJet,HYD,MAA,HYD-MAA,2026-04-20 03:02:41,2026-04-20 03:37:41,2026-04-20,3,False,35.0,False
SJ191,SpiceJet,BLR,BOM,BLR-BOM,2026-04-20 03:01:41,2026-04-20 04:23:41,2026-04-20,3,False,82.0,False
SJ017,SpiceJet,DEL,MAA,DEL-MAA,2026-04-20 02:57:41,2026-04-20 05:00:41,2026-04-20,2,False,123.0,False
UK188,Vistara,MAA,BLR,MAA-BLR,2026-04-20 02:55:41,2026-04-20 03:44:41,2026-04-20,2,False,49.0,False
AI196,Air India,MAA,HYD,MAA-HYD,2026-04-20 02:52:41,2026-04-20 04:25:41,2026-04-20,2,False,93.0,False
AI068,Air India,BOM,BLR,BOM-BLR,2026-04-20 02:48:41,2026-04-20 04:48:42,2026-04-20,2,False,120.00496666666666,False
SJ097,SpiceJet,BOM,CCU,BOM-CCU,2026-04-20 02:37:41,2026-04-20 05:27:41,2026-04-20,2,False,170.0,False
SJ030,SpiceJet,DEL,HYD,DEL-HYD,2026-04-20 02:36:41,2026-04-20 03:19:41,2026-04-20,2,False,43.0,False
6F179,IndiGo,HYD,MAA,HYD-MAA,2026-04-20 02:25:41,2026-04-20 06:40:41,2026-04-20,2,False,255.0,False
6F156,IndiGo,MAA,BOM,MAA-BOM,2026-04-20 02:23:41,2026-04-20 04:57:41,2026-04-20,2,False,154.0,False
6F250,IndiGo,CCU,BLR,CCU-BLR,2026-04-20 02:23:41,2026-04-20 02:56:41,2026-04-20,2,False,33.0,False
SJ057,SpiceJet,BOM,CCU,BOM-CCU,2026-04-20 02:17:41,2026-04-20 05:29:41,2026-04-20,2,False,192.0,False
6F036,IndiGo,CCU,BLR,CCU-BLR,2026-04-20 02:14:41,2026-04-20 06:57:41,2026-04-20,2,False,283.0,False
6F201,IndiGo,CCU,BOM,CCU-BOM,2026-04-20 02:09:41,2026-04-20 06:49:41,2026-04-20,2,False,280.0,False
6F143,IndiGo,CCU,DEL,CCU-DEL,2026-04-20 02:09:41,2026-04-20 06:08:41,2026-04-20,2,False,239.0,False
6F177,IndiGo,HYD,MAA,HYD-MAA,2026-04-20 02:03:41,2026-04-20 04:25:41,2026-04-20,2,False,142.0,False
6F031,IndiGo,BOM,BLR,BOM-BLR,2026-04-20 02:00:41,2026-04-20 06:37:41,2026-04-20,2,False,277.0,False
UK165,Vistara,DEL,BLR,DEL-BLR,2026-04-20 01:51:41,2026-04-20 06:04:41,2026-04-20,1,False,253.0,False
6F122,IndiGo,DEL,BLR,DEL-BLR,2026-04-20 01:44:41,2026-04-20 05:28:41,2026-04-20,1,False,224.0,False
AI009,Air India,DEL,CCU,DEL-CCU,2026-04-20 01:31:41,2026-04-20 04:05:41,2026-04-20,1,False,154.0,False
6F046,IndiGo,DEL,BLR,DEL-BLR,2026-04-20 01:27:41,2026-04-20 05:08:41,2026-04-20,1,False,221.0,False
AI051,Air India,MAA,BLR,MAA-BLR,2026-04-20 01:27:41,2026-04-20 02:22:41,2026-04-20,1,False,55.0,False
UK222,Vistara,BOM,CCU,BOM-CCU,2026-04-20 01:22:41,2026-04-20 02:57:41,2026-04-20,1,False,95.0,False
SJ127,SpiceJet,BOM,DEL,BOM-DEL,2026-04-20 01:21:41,2026-04-20 03:58:41,2026-04-20,1,False,157.0,False
AI226,Air India,BLR,HYD,BLR-HYD,2026-04-20 01:19:41,2026-04-20 04:08:41,2026-04-20,1,False,169.0,False
AI216,Air India,BOM,CCU,BOM-CCU,2026-04-20 01:10:41,2026-04-20 02:34:41,2026-04-20,1,False,84.0,False
6F058,IndiGo,BOM,CCU,BOM-CCU,2026-04-20 01:04:41,2026-04-20 03:33:41,2026-04-20,1,False,149.0,False
SJ207,SpiceJet,DEL,CCU,DEL-CCU,2026-04-20 00:52:41,2026-04-20 04:05:41,2026-04-20,0,False,193.0,False
SJ198,SpiceJet,CCU,BOM,CCU-BOM,2026-04-20 00:47:41,2026-04-20 05:28:41,2026-04-20,0,False,281.0,False
SJ108,SpiceJet,BLR,HYD,BLR-HYD,2026-04-20 00:40:41,2026-04-20 03:16:41,2026-04-20,0,False,156.0,False
SJ155,SpiceJet,DEL,CCU,DEL-CCU,2026-04-20 00:38:41,2026-04-20 05:38:41,2026-04-20,0,False,300.0,False
6F193,IndiGo,BOM,MAA,BOM-MAA,2026-04-20 00:34:41,2026-04-20 02:32:41,2026-04-20,0,False,118.0,False
6F019,IndiGo,BLR,BOM,BLR-BOM,2026-04-20 00:19:41,2026-04-20 04:14:41,2026-04-20,0,False,235.0,False
AI102,Air India,CCU,BLR,CCU-BLR,2026-04-20 00:17:41,2026-04-20 05:08:41,2026-04-20,0,False,291.0,False
6F166,IndiGo,BOM,CCU,BOM-CCU,2026-04-20 00:03:41,2026-04-20 04:33:41,2026-04-20,0,False,270.0,False
UK175,Vistara,BLR,BOM,BLR-BOM,2026-04-19 23:56:41,2026-04-20 03:18:41,2026-04-19,23,True,202.0,False
6F010,IndiGo,DEL,BLR,DEL-BLR,2026-04-19 23:53:41,2026-04-20 03:44:41,2026-04-19,23,True,231.0,False
AI234,Air India,BOM,MAA,BOM-MAA,2026-04-19 23:50:41,2026-04-20 01:34:41,2026-04-19,23,True,104.0,False
UK135,Vistara,HYD,DEL,HYD-DEL,2026-04-19 23:50:41,2026-04-20 01:43:41,2026-04-19,23,True,113.0,False
6F272,IndiGo,HYD,MAA,HYD-MAA,2026-04-19 23:35:41,2026-04-20 00:22:41,2026-04-19,23,True,47.0,False
AI061,Air India,BOM,CCU,BOM-CCU,2026-04-19 23:31:41,2026-04-20 01:02:41,2026-04-19,23,True,91.0,False
6F070,IndiGo,HYD,DEL,HYD-DEL,2026-04-19 23:23:41,2026-04-20 02:24:41,2026-04-19,23,True,181.0,False
AI015,Air India,BLR,CCU,BLR-CCU,2026-04-19 23:21:41,2026-04-20 01:15:41,2026-04-19,23,True,114.0,False
SJ076,SpiceJet,DEL,MAA,DEL-MAA,2026-04-19 23:01:41,2026-04-20 02:02:41,2026-04-19,23,True,181.0,False
SJ029,SpiceJet,HYD,DEL,HYD-DEL,2026-04-19 22:55:41,2026-04-20 00:22:41,2026-04-19,22,True,87.0,False
SJ194,SpiceJet,CCU,DEL,CCU-DEL,2026-04-19 22:46:41,2026-04-20 02:31:41,2026-04-19,22,True,225.0,False
AI235,Air India,BLR,HYD,BLR-HYD,2026-04-19 22:45:41,2026-04-20 02:12:41,2026-04-19,22,True,207.0,False
SJ048,SpiceJet,MAA,BLR,MAA-BLR,2026-04-19 22:43:41,2026-04-20 00:19:41,2026-04-19,22,True,96.0,False
SJ114,SpiceJet,HYD,DEL,HYD-DEL,2026-04-19 22:42:41,2026-04-20 02:02:41,2026-04-19,22,True,200.0,False
SJ146,SpiceJet,HYD,BLR,HYD-BLR,2026-04-19 22:37:41,2026-04-20 00:33:41,2026-04-19,22,True,116.0,False
UK041,Vistara,HYD,MAA,HYD-MAA,2026-04-19 22:37:41,2026-04-19 23:44:41,2026-04-19,22,False,67.0,False
6F075,IndiGo,BOM,CCU,BOM-CCU,2026-04-19 22:20:41,2026-04-20 03:02:41,2026-04-19,22,True,282.0,False
SJ020,SpiceJet,BLR,BOM,BLR-BOM,2026-04-19 22:18:41,2026-04-20 02:27:41,2026-04-19,22,True,249.0,False
SJ099,SpiceJet,MAA,BLR,MAA-BLR,2026-04-19 22:14:41,2026-04-20 00:34:41,2026-04-19,22,True,140.0,False
6F078,IndiGo,BOM,CCU,BOM-CCU,2026-04-19 22:04:41,2026-04-19 23:37:41,2026-04-19,22,False,93.0,False
UK219,Vistara,BOM,HYD,BOM-HYD,2026-04-19 22:03:41,2026-04-20 02:21:41,2026-04-19,22,True,258.0,False
UK223,Vistara,CCU,DEL,CCU-DEL,2026-04-19 21:58:41,2026-04-19 22:30:41,2026-04-19,21,False,32.0,False
UK227,Vistara,BOM,HYD,BOM-HYD,2026-04-19 21:57:41,2026-04-20 01:47:41,2026-04-19,21,True,230.0,False
6F260,IndiGo,CCU,DEL,CCU-DEL,2026-04-19 21:51:41,2026-04-20 01:14:41,2026-04-19,21,True,203.0,False
AI096,Air India,CCU,DEL,CCU-DEL,2026-04-19 21:48:41,2026-04-20 02:46:41,2026-04-19,21,True,298.0,False
6F022,IndiGo,MAA,BLR,MAA-BLR,2026-04-19 21:46:41,2026-04-20 02:05:41,2026-04-19,21,True,259.0,False
6F237,IndiGo,HYD,MAA,HYD-MAA,2026-04-19 21:41:41,2026-04-20 00:44:41,2026-04-19,21,True,183.0,False
UK146,Vistara,BOM,MAA,BOM-MAA,2026-04-19 21:40:41,2026-04-20 00:08:41,2026-04-19,21,True,148.0,False
SJ015,SpiceJet,BOM,CCU,BOM-CCU,2026-04-19 21:40:41,2026-04-19 22:52:41,2026-04-19,21,False,72.0,False
AI108,Air India,BLR,CCU,BLR-CCU,2026-04-19 21:32:41,2026-04-20 00:17:41,2026-04-19,21,True,165.0,False
UK020,Vistara,MAA,BLR,MAA-BLR,2026-04-19 21:23:41,2026-04-19 22:38:41,2026-04-19,21,False,75.0,False
6F113,IndiGo,BOM,CCU,BOM-CCU,2026-04-19 21:04:41,2026-04-20 01:30:41,2026-04-19,21,True,266.0,False
6F112,IndiGo,HYD,DEL,HYD-DEL,2026-04-19 21:00:41,2026-04-19 23:16:41,2026-04-19,21,False,136.0,False
6F246,IndiGo,HYD,DEL,HYD-DEL,2026-04-19 21:00:41,2026-04-19 23:16:41,2026-04-19,21,False,136.0,False
UK158,Vistara,BOM,MAA,BOM-MAA,2026-04-19 20:49:41,2026-04-19 21:22:41,2026-04-19,20,False,33.0,False
UK159,Vistara,CCU,BLR,CCU-BLR,2026-04-19 20:45:41,2026-04-19 23:32:41,2026-04-19,20,False,167.0,False
UK084,Vistara,MAA,DEL,MAA-DEL,2026-04-19 20:44:41,2026-04-20 00:20:41,2026-04-19,20,True,216.0,False
SJ206,SpiceJet,DEL,CCU,DEL-CCU,2026-04-19 20:43:41,2026-04-20 01:21:41,2026-04-19,20,True,278.0,False
UK044,Vistara,BLR,BOM,BLR-BOM,2026-04-19 20:31:41,2026-04-19 23:29:41,2026-04-19,20,False,178.0,False
SJ036,SpiceJet,DEL,HYD,DEL-HYD,2026-04-19 20:24:41,2026-04-19 23:54:41,2026-04-19,20,False,210.0,False
6F176,IndiGo,CCU,DEL,CCU-DEL,2026-04-19 20:23:42,2026-04-19 23:23:42,2026-04-19,20,False,180.0,False
6F148,IndiGo,CCU,BOM,CCU-BOM,2026-04-19 20:23:41,2026-04-19 22:30:41,2026-04-19,20,False,127.0,False
6F202,IndiGo,HYD,BLR,HYD-BLR,2026-04-19 20:18:41,2026-04-19 23:48:41,2026-04-19,20,False,210.0,False
6F071,IndiGo,DEL,CCU,DEL-CCU,2026-04-19 20:18:41,2026-04-20 00:31:41,2026-04-19,20,True,253.0,False
AI105,Air India,CCU,DEL,CCU-DEL,2026-04-19 20:16:41,2026-04-19 22:03:41,2026-04-19,20,False,107.0,False
AI241,Air India,HYD,BLR,HYD-BLR,2026-04-19 20:11:41,2026-04-19 22:18:41,2026-04-19,20,False,127.0,False
SJ162,SpiceJet,DEL,HYD,DEL-HYD,2026-04-19 20:11:41,2026-04-19 22:30:41,2026-04-19,20,False,139.0,False
6F003,IndiGo,HYD,BOM,HYD-BOM,2026-04-19 20:06:41,2026-04-19 23:13:41,2026-04-19,20,False,187.0,False
6F249,IndiGo,HYD,BOM,HYD-BOM,2026-04-19 20:06:41,2026-04-19 23:13:41,2026-04-19,20,False,187.0,False
AI237,Air India,BOM,CCU,BOM-CCU,2026-04-19 19:58:41,2026-04-19 23:13:41,2026-04-19,19,False,195.0,False
SJ134,SpiceJet,BOM,CCU,BOM-CCU,2026-04-19 19:58:41,2026-04-20 00:15:41,2026-04-19,19,True,257.0,False
AI071,Air India,BOM,MAA,BOM-MAA,2026-04-19 19:55:41,2026-04-19 22:58:41,2026-04-19,19,False,183.0,False
6F118,IndiGo,CCU,HYD,CCU-HYD,2026-04-19 19:52:41,2026-04-19 21:01:41,2026-04-19,19,False,69.0,False
6F014,IndiGo,DEL,MAA,DEL-MAA,2026-04-19 19:42:41,2026-04-19 23:15:41,2026-04-19,19,False,213.0,False
6F065,IndiGo,MAA,BLR,MAA-BLR,2026-04-19 19:40:41,2026-04-19 22:23:41,2026-04-19,19,False,163.0,False
6F271,IndiGo,HYD,MAA,HYD-MAA,2026-04-19 19:33:41,2026-04-19 22:52:41,2026-04-19,19,False,199.0,False
SJ070,SpiceJet,MAA,CCU,MAA-CCU,2026-04-19 18:55:41,2026-04-19 20:48:41,2026-04-19,18,False,113.0,False
6F007,IndiGo,HYD,MAA,HYD-MAA,2026-04-19 18:55:41,2026-04-19 19:54:41,2026-04-19,18,False,59.0,False
UK007,Vistara,DEL,HYD,DEL-HYD,2026-04-19 18:50:41,2026-04-19 21:04:41,2026-04-19,18,False,134.0,False
AI097,Air India,HYD,MAA,HYD-MAA,2026-04-19 18:42:41,2026-04-19 23:34:41,2026-04-19,18,False,292.0,False
6F256,IndiGo,BOM,CCU,BOM-CCU,2026-04-19 18:40:41,2026-04-19 19:13:41,2026-04-19,18,False,33.0,False
UK047,Vistara,BLR,HYD,BLR-HYD,2026-04-19 18:40:41,2026-04-19 22:45:41,2026-04-19,18,False,245.0,False
AI024,Air India,MAA,BOM,MAA-BOM,2026-04-19 18:38:41,2026-04-19 19:45:41,2026-04-19,18,False,67.0,False
UK113,Vistara,CCU,DEL,CCU-DEL,2026-04-19 18:34:41,2026-04-19 22:58:41,2026-04-19,18,False,264.0,False
SJ163,SpiceJet,DEL,HYD,DEL-HYD,2026-04-19 18:32:41,2026-04-19 23:08:41,2026-04-19,18,False,276.0,False
SJ208,SpiceJet,DEL,HYD,DEL-HYD,2026-04-19 18:32:41,2026-04-19 19:33:41,2026-04-19,18,False,61.0,False
SJ221,SpiceJet,MAA,HYD,MAA-HYD,2026-04-19 18:31:41,2026-04-19 23:17:41,2026-04-19,18,False,286.0,False
SJ084,SpiceJet,HYD,MAA,HYD-MAA,2026-04-19 18:31:41,2026-04-19 19:30:41,2026-04-19,18,False,59.0,False
6F127,IndiGo,HYD,BOM,HYD-BOM,2026-04-19 18:27:41,2026-04-19 22:28:41,2026-04-19,18,False,241.0,False
AI122,Air India,BOM,CCU,BOM-CCU,2026-04-19 18:25:41,2026-04-19 22:36:41,2026-04-19,18,False,251.0,False
AI139,Air India,HYD,MAA,HYD-MAA,2026-04-19 18:23:41,2026-04-19 19:24:41,2026-04-19,18,False,61.0,False
UK149,Vistara,MAA,DEL,MAA-DEL,2026-04-19 18:22:41,2026-04-19 23:08:41,2026-04-19,18,False,286.0,False
AI149,Air India,BOM,HYD,BOM-HYD,2026-04-19 18:19:41,2026-04-19 21:36:41,2026-04-19,18,False,197.0,False
SJ243,SpiceJet,BLR,DEL,BLR-DEL,2026-04-19 18:17:41,2026-04-19 23:03:41,2026-04-19,18,False,286.0,False
AI053,Air India,CCU,DEL,CCU-DEL,2026-04-19 18:04:41,2026-04-19 22:19:41,2026-04-19,18,False,255.0,False
UK061,Vistara,BLR,BOM,BLR-BOM,2026-04-19 17:58:41,2026-04-19 19:48:41,2026-04-19,17,False,110.0,False
SJ004,SpiceJet,MAA,DEL,MAA-DEL,2026-04-19 17:52:41,2026-04-19 21:01:41,2026-04-19,17,False,189.0,False
AI173,Air India,HYD,DEL,HYD-DEL,2026-04-19 17:36:41,2026-04-19 22:27:41,2026-04-19,17,False,291.0,False
6F085,IndiGo,HYD,MAA,HYD-MAA,2026-04-19 17:32:41,2026-04-19 19:32:42,2026-04-19,17,False,120.00496666666666,False
AI252,Air India,HYD,DEL,HYD-DEL,2026-04-19 17:30:41,2026-04-19 21:54:41,2026-04-19,17,False,264.0,False
SJ109,SpiceJet,BOM,DEL,BOM-DEL,2026-04-19 17:24:41,2026-04-19 20:28:41,2026-04-19,17,False,184.0,False
UK123,Vistara,BOM,DEL,BOM-DEL,2026-04-19 17:24:41,2026-04-19 20:18:41,2026-04-19,17,False,174.0,False
6F125,IndiGo,BOM,CCU,BOM-CCU,2026-04-19 17:09:41,2026-04-19 21:13:41,2026-04-19,17,False,244.0,False
UK183,Vistara,BLR,CCU,BLR-CCU,2026-04-19 17:07:41,2026-04-19 18:30:41,2026-04-19,17,False,83.0,False
AI110,Air India,BOM,CCU,BOM-CCU,2026-04-19 17:07:41,2026-04-19 22:00:41,2026-04-19,17,False,293.0,False
UK105,Vistara,CCU,HYD,CCU-HYD,2026-04-19 17:04:41,2026-04-19 18:11:41,2026-04-19,17,False,67.0,False
6F128,IndiGo,HYD,DEL,HYD-DEL,2026-04-19 16:56:41,2026-04-19 18:03:41,2026-04-19,16,False,67.0,False
6F224,IndiGo,DEL,MAA,DEL-MAA,2026-04-19 16:53:41,2026-04-19 18:52:41,2026-04-19,16,False,119.0,False
SJ130,SpiceJet,BOM,DEL,BOM-DEL,2026-04-19 16:53:41,2026-04-19 20:53:41,2026-04-19,16,False,240.0,False
AI224,Air India,DEL,HYD,DEL-HYD,2026-04-19 16:51:41,2026-04-19 21:36:41,2026-04-19,16,False,285.0,False
SJ182,SpiceJet,CCU,BOM,CCU-BOM,2026-04-19 16:48:41,2026-04-19 17:36:41,2026-04-19,16,False,48.0,False
UK164,Vistara,BOM,HYD,BOM-HYD,2026-04-19 16:46:41,2026-04-19 21:10:41,2026-04-19,16,False,264.0,False
AI161,Air India,CCU,BOM,CCU-BOM,2026-04-19 16:40:41,2026-04-19 19:40:41,2026-04-19,16,False,180.0,False
6F206,IndiGo,DEL,BOM,DEL-BOM,2026-04-19 16:39:41,2026-04-19 20:59:41,2026-04-19,16,False,260.0,False
SJ204,SpiceJet,CCU,DEL,CCU-DEL,2026-04-19 16:34:41,2026-04-19 18:15:41,2026-04-19,16,False,101.0,False
AI206,Air India,CCU,MAA,CCU-MAA,2026-04-19 16:30:41,2026-04-19 20:01:41,2026-04-19,16,False,211.0,False
6F140,IndiGo,CCU,HYD,CCU-HYD,2026-04-19 16:30:41,2026-04-19 18:21:41,2026-04-19,16,False,111.0,False
6F253,IndiGo,MAA,BLR,MAA-BLR,2026-04-19 16:26:41,2026-04-19 18:24:41,2026-04-19,16,False,118.0,False
SJ203,SpiceJet,DEL,HYD,DEL-HYD,2026-04-19 16:22:41,2026-04-19 18:27:41,2026-04-19,16,False,125.0,False
SJ161,SpiceJet,MAA,BLR,MAA-BLR,2026-04-19 16:22:41,2026-04-19 17:04:41,2026-04-19,16,False,42.0,False
AI098,Air India,HYD,MAA,HYD-MAA,2026-04-19 16:01:41,2026-04-19 18:11:41,2026-04-19,16,False,130.0,False
AI168,Air India,DEL,CCU,DEL-CCU,2026-04-19 15:50:41,2026-04-19 20:20:41,2026-04-19,15,False,270.0,False
UK190,Vistara,DEL,BLR,DEL-BLR,2026-04-19 15:49:41,2026-04-19 18:53:41,2026-04-19,15,False,184.0,False
AI085,Air India,DEL,HYD,DEL-HYD,2026-04-19 15:45:41,2026-04-19 20:33:41,2026-04-19,15,False,288.0,False
AI076,Air India,BLR,BOM,BLR-BOM,2026-04-19 15:37:41,2026-04-19 16:12:41,2026-04-19,15,False,35.0,False
UK130,Vistara,MAA,BLR,MAA-BLR,2026-04-19 15:36:41,2026-04-19 19:43:41,2026-04-19,15,False,247.0,False
6F038,IndiGo,HYD,MAA,HYD-MAA,2026-04-19 15:36:41,2026-04-19 19:33:41,2026-04-19,15,False,237.0,False
UK110,Vistara,HYD,DEL,HYD-DEL,2026-04-19 15:26:41,2026-04-19 20:13:41,2026-04-19,15,False,287.0,False
SJ013,SpiceJet,DEL,MAA,DEL-MAA,2026-04-19 15:25:41,2026-04-19 19:54:41,2026-04-19,15,False,269.0,False
AI039,Air India,MAA,BLR,MAA-BLR,2026-04-19 15:24:41,2026-04-19 18:56:41,2026-04-19,15,False,212.0,False
AI248,Air India,CCU,DEL,CCU-DEL,2026-04-19 15:17:41,2026-04-19 16:35:41,2026-04-19,15,False,78.0,False
6F199,IndiGo,DEL,MAA,DEL-MAA,2026-04-19 15:15:41,2026-04-19 17:32:41,2026-04-19,15,False,137.0,False
AI225,Air India,BOM,BLR,BOM-BLR,2026-04-19 15:05:41,2026-04-19 16:01:41,2026-04-19,15,False,56.0,False
SJ028,SpiceJet,CCU,BOM,CCU-BOM,2026-04-19 15:04:41,2026-04-19 19:32:41,2026-04-19,15,False,268.0,False
SJ012,SpiceJet,HYD,BLR,HYD-BLR,2026-04-19 15:01:41,2026-04-19 16:12:41,2026-04-19,15,False,71.0,False
SJ131,SpiceJet,MAA,HYD,MAA-HYD,2026-04-19 15:00:41,2026-04-19 16:07:41,2026-04-19,15,False,67.0,False
AI010,Air India,BOM,HYD,BOM-HYD,2026-04-19 15:00:41,2026-04-19 19:48:41,2026-04-19,15,False,288.0,False
6F020,IndiGo,BOM,HYD,BOM-HYD,2026-04-19 14:58:41,2026-04-19 16:43:41,2026-04-19,14,False,105.0,False
SJ038,SpiceJet,BLR,DEL,BLR-DEL,2026-04-19 14:57:41,2026-04-19 17:46:41,2026-04-19,14,False,169.0,False
UK204,Vistara,BLR,DEL,BLR-DEL,2026-04-19 14:46:41,2026-04-19 16:24:41,2026-04-19,14,False,98.0,False
AI036,Air India,BOM,CCU,BOM-CCU,2026-04-19 14:45:41,2026-04-19 16:16:41,2026-04-19,14,False,91.0,False
AI100,Air India,CCU,BOM,CCU-BOM,2026-04-19 14:42:41,2026-04-19 18:22:41,2026-04-19,14,False,220.0,False
SJ215,SpiceJet,CCU,DEL,CCU-DEL,2026-04-19 14:37:41,2026-04-19 16:12:41,2026-04-19,14,False,95.0,False
UK155,Vistara,MAA,HYD,MAA-HYD,2026-04-19 14:34:41,2026-04-19 18:37:41,2026-04-19,14,False,243.0,False
SJ173,SpiceJet,CCU,HYD,CCU-HYD,2026-04-19 14:27:41,2026-04-19 16:09:41,2026-04-19,14,False,102.0,False
UK179,Vistara,DEL,HYD,DEL-HYD,2026-04-19 14:25:41,2026-04-19 19:15:41,2026-04-19,14,False,290.0,False
UK221,Vistara,CCU,DEL,CCU-DEL,2026-04-19 14:18:41,2026-04-19 18:44:41,2026-04-19,14,False,266.0,False
UK023,Vistara,DEL,MAA,DEL-MAA,2026-04-19 14:15:41,2026-04-19 19:03:41,2026-04-19,14,False,288.0,False
SJ107,SpiceJet,BOM,MAA,BOM-MAA,2026-04-19 14:10:41,2026-04-19 18:38:41,2026-04-19,14,False,268.0,False
AI073,Air India,BOM,BLR,BOM-BLR,2026-04-19 14:08:41,2026-04-19 16:10:41,2026-04-19,14,False,122.0,False
SJ187,SpiceJet,MAA,BLR,MAA-BLR,2026-04-19 14:07:41,2026-04-19 17:30:41,2026-04-19,14,False,203.0,False
UK058,Vistara,MAA,BOM,MAA-BOM,2026-04-19 13:46:41,2026-04-19 17:04:41,2026-04-19,13,False,198.0,False
SJ063,SpiceJet,MAA,BOM,MAA-BOM,2026-04-19 13:38:41,2026-04-19 15:23:41,2026-04-19,13,False,105.0,False
SJ062,SpiceJet,BLR,HYD,BLR-HYD,2026-04-19 13:37:41,2026-04-19 17:06:41,2026-04-19,13,False,209.0,False
UK048,Vistara,MAA,DEL,MAA-DEL,2026-04-19 13:36:41,2026-04-19 18:21:41,2026-04-19,13,False,285.0,False
AI181,Air India,MAA,HYD,MAA-HYD,2026-04-19 13:29:41,2026-04-19 16:55:41,2026-04-19,13,False,206.0,False
AI003,Air India,BLR,HYD,BLR-HYD,2026-04-19 13:27:41,2026-04-19 16:55:41,2026-04-19,13,False,208.0,False
6F041,IndiGo,MAA,BOM,MAA-BOM,2026-04-19 13:19:41,2026-04-19 16:48:41,2026-04-19,13,False,209.0,False
6F175,IndiGo,MAA,CCU,MAA-CCU,2026-04-19 13:18:41,2026-04-19 15:13:41,2026-04-19,13,False,115.0,False
6F013,IndiGo,BOM,CCU,BOM-CCU,2026-04-19 13:15:41,2026-04-19 18:05:41,2026-04-19,13,False,290.0,False
SJ040,SpiceJet,BOM,CCU,BOM-CCU,2026-04-19 13:12:41,2026-04-19 16:44:41,2026-04-19,13,False,212.0,False
SJ016,SpiceJet,HYD,CCU,HYD-CCU,2026-04-19 13:01:41,2026-04-19 16:26:41,2026-04-19,13,False,205.0,False
6F135,IndiGo,MAA,HYD,MAA-HYD,2026-04-19 12:59:41,2026-04-19 13:45:41,2026-04-19,12,False,46.0,False
6F150,IndiGo,HYD,MAA,HYD-MAA,2026-04-19 12:55:41,2026-04-19 16:53:41,2026-04-19,12,False,238.0,False
AI083,Air India,DEL,BOM,DEL-BOM,2026-04-19 12:54:41,2026-04-19 13:37:41,2026-04-19,12,False,43.0,False
SJ166,SpiceJet,CCU,HYD,CCU-HYD,2026-04-19 12:51:41,2026-04-19 16:18:41,2026-04-19,12,False,207.0,False
SJ027,SpiceJet,BOM,MAA,BOM-MAA,2026-04-19 12:50:41,2026-04-19 17:13:41,2026-04-19,12,False,263.0,False
6F134,IndiGo,BLR,MAA,BLR-MAA,2026-04-19 12:47:41,2026-04-19 14:06:41,2026-04-19,12,False,79.0,False
UK225,Vistara,MAA,BLR,MAA-BLR,2026-04-19 12:46:41,2026-04-19 15:02:41,2026-04-19,12,False,136.0,False
SJ175,SpiceJet,MAA,BLR,MAA-BLR,2026-04-19 12:46:41,2026-04-19 16:50:41,2026-04-19,12,False,244.0,False
AI182,Air India,HYD,DEL,HYD-DEL,2026-04-19 12:41:41,2026-04-19 17:14:41,2026-04-19,12,False,273.0,False
AI190,Air India,BOM,CCU,BOM-CCU,2026-04-19 12:38:41,2026-04-19 15:56:41,2026-04-19,12,False,198.0,False
AI120,Air India,MAA,CCU,MAA-CCU,2026-04-19 12:12:41,2026-04-19 14:18:41,2026-04-19,12,False,126.0,False
6F132,IndiGo,MAA,BOM,MAA-BOM,2026-04-19 12:00:41,2026-04-19 13:00:42,2026-04-19,12,False,60.00496666666666,False
UK102,Vistara,HYD,CCU,HYD-CCU,2026-04-19 11:58:41,2026-04-19 14:01:41,2026-04-19,11,False,123.0,False
AI045,Air India,HYD,MAA,HYD-MAA,2026-04-19 11:58:41,2026-04-19 14:37:41,2026-04-19,11,False,159.0,False
UK136,Vistara,HYD,CCU,HYD-CCU,2026-04-19 11:43:41,2026-04-19 15:26:41,2026-04-19,11,False,223.0,False
SJ238,SpiceJet,MAA,BLR,MAA-BLR,2026-04-19 11:41:41,2026-04-19 15:39:41,2026-04-19,11,False,238.0,False
AI193,Air India,MAA,HYD,MAA-HYD,2026-04-19 11:33:41,2026-04-19 16:07:41,2026-04-19,11,False,274.0,False
6F001,IndiGo,HYD,BOM,HYD-BOM,2026-04-19 11:33:41,2026-04-19 13:08:41,2026-04-19,11,False,95.0,False
6F211,IndiGo,MAA,BLR,MAA-BLR,2026-04-19 11:29:41,2026-04-19 16:20:41,2026-04-19,11,False,291.0,False
SJ199,SpiceJet,HYD,BOM,HYD-BOM,2026-04-19 11:29:41,2026-04-19 13:59:41,2026-04-19,11,False,150.0,False
SJ050,SpiceJet,HYD,CCU,HYD-CCU,2026-04-19 11:24:41,2026-04-19 12:03:41,2026-04-19,11,False,39.0,False
UK115,Vistara,BLR,BOM,BLR-BOM,2026-04-19 11:20:41,2026-04-19 13:20:42,2026-04-19,11,False,120.00496666666666,False
AI037,Air India,BOM,BLR,BOM-BLR,2026-04-19 11:14:41,2026-04-19 15:13:41,2026-04-19,11,False,239.0,False
6F235,IndiGo,HYD,MAA,HYD-MAA,2026-04-19 11:06:41,2026-04-19 13:51:41,2026-04-19,11,False,165.0,False
UK111,Vistara,MAA,BLR,MAA-BLR,2026-04-19 11:06:41,2026-04-19 12:20:41,2026-04-19,11,False,74.0,False
6F005,IndiGo,BOM,MAA,BOM-MAA,2026-04-19 11:04:41,2026-04-19 15:27:41,2026-04-19,11,False,263.0,False
AI198,Air India,CCU,MAA,CCU-MAA,2026-04-19 10:56:41,2026-04-19 14:19:41,2026-04-19,10,False,203.0,False
UK184,Vistara,MAA,HYD,MAA-HYD,2026-04-19 10:49:41,2026-04-19 13:00:41,2026-04-19,10,False,131.0,False
6F219,IndiGo,MAA,DEL,MAA-DEL,2026-04-19 10:32:41,2026-04-19 14:37:41,2026-04-19,10,False,245.0,False
UK066,Vistara,BOM,CCU,BOM-CCU,2026-04-19 10:29:41,2026-04-19 12:07:41,2026-04-19,10,False,98.0,False
6F220,IndiGo,HYD,BOM,HYD-BOM,2026-04-19 10:27:41,2026-04-19 11:25:41,2026-04-19,10,False,58.0,False
AI180,Air India,BOM,CCU,BOM-CCU,2026-04-19 10:19:41,2026-04-19 11:00:41,2026-04-19,10,False,41.0,False
6F098,IndiGo,BLR,MAA,BLR-MAA,2026-04-19 10:18:41,2026-04-19 12:49:41,2026-04-19,10,False,151.0,False
AI141,Air India,BLR,DEL,BLR-DEL,2026-04-19 10:16:41,2026-04-19 14:53:41,2026-04-19,10,False,277.0,False
SJ170,SpiceJet,BLR,BOM,BLR-BOM,2026-04-19 10:11:41,2026-04-19 11:56:41,2026-04-19,10,False,105.0,False
SJ178,SpiceJet,BOM,HYD,BOM-HYD,2026-04-19 09:58:41,2026-04-19 12:27:41,2026-04-19,9,False,149.0,False
6F172,IndiGo,BOM,BLR,BOM-BLR,2026-04-19 09:53:41,2026-04-19 14:46:41,2026-04-19,9,False,293.0,False
UK220,Vistara,BLR,BOM,BLR-BOM,2026-04-19 09:51:41,2026-04-19 13:25:41,2026-04-19,9,False,214.0,False
SJ148,SpiceJet,DEL,BLR,DEL-BLR,2026-04-19 09:51:41,2026-04-19 13:41:41,2026-04-19,9,False,230.0,False
UK065,Vistara,BOM,CCU,BOM-CCU,2026-04-19 09:38:41,2026-04-19 13:46:41,2026-04-19,9,False,248.0,False
6F243,IndiGo,BOM,HYD,BOM-HYD,2026-04-19 09:37:41,2026-04-19 10:33:41,2026-04-19,9,False,56.0,False
SJ193,SpiceJet,CCU,DEL,CCU-DEL,2026-04-19 09:37:41,2026-04-19 12:16:41,2026-04-19,9,False,159.0,False
UK056,Vistara,HYD,MAA,HYD-MAA,2026-04-19 09:29:41,2026-04-19 10:15:41,2026-04-19,9,False,46.0,False
AI219,Air India,BLR,DEL,BLR-DEL,2026-04-19 09:28:41,2026-04-19 11:27:41,2026-04-19,9,False,119.0,False
SJ073,SpiceJet,CCU,BLR,CCU-BLR,2026-04-19 09:26:41,2026-04-19 11:14:41,2026-04-19,9,False,108.0,False
6F052,IndiGo,BOM,CCU,BOM-CCU,2026-04-19 09:13:41,2026-04-19 12:02:41,2026-04-19,9,False,169.0,False
SJ201,SpiceJet,BLR,DEL,BLR-DEL,2026-04-19 09:10:41,2026-04-19 11:12:41,2026-04-19,9,False,122.0,False
UK028,Vistara,HYD,MAA,HYD-MAA,2026-04-19 09:02:41,2026-04-19 10:37:41,2026-04-19,9,False,95.0,False
SJ119,SpiceJet,BOM,CCU,BOM-CCU,2026-04-19 08:53:41,2026-04-19 11:29:41,2026-04-19,8,False,156.0,False
AI165,Air India,DEL,CCU,DEL-CCU,2026-04-19 08:51:41,2026-04-19 10:31:41,2026-04-19,8,False,100.0,False
AI255,Air India,MAA,CCU,MAA-CCU,2026-04-19 08:45:41,2026-04-19 13:12:41,2026-04-19,8,False,267.0,False
AI202,Air India,HYD,BLR,HYD-BLR,2026-04-19 08:44:41,2026-04-19 10:53:41,2026-04-19,8,False,129.0,False
SJ039,SpiceJet,MAA,BOM,MAA-BOM,2026-04-19 08:41:41,2026-04-19 12:08:41,2026-04-19,8,False,207.0,False
SJ051,SpiceJet,BOM,BLR,BOM-BLR,2026-04-19 08:40:41,2026-04-19 12:18:41,2026-04-19,8,False,218.0,False
UK024,Vistara,MAA,BLR,MAA-BLR,2026-04-19 08:29:41,2026-04-19 13:29:41,2026-04-19,8,False,300.0,False
SJ006,SpiceJet,HYD,BLR,HYD-BLR,2026-04-19 08:25:41,2026-04-19 08:57:41,2026-04-19,8,False,32.0,False
AI207,Air India,BOM,MAA,BOM-MAA,2026-04-19 08:24:41,2026-04-19 11:23:41,2026-04-19,8,False,179.0,False
SJ168,SpiceJet,CCU,BOM,CCU-BOM,2026-04-19 08:17:41,2026-04-19 12:29:41,2026-04-19,8,False,252.0,False
AI028,Air India,HYD,BOM,HYD-BOM,2026-04-19 07:53:41,2026-04-19 08:35:41,2026-04-19,7,False,42.0,False
6F094,IndiGo,BLR,BOM,BLR-BOM,2026-04-19 07:37:41,2026-04-19 09:06:41,2026-04-19,7,False,89.0,False
6F024,IndiGo,BOM,DEL,BOM-DEL,2026-04-19 07:31:41,2026-04-19 11:17:41,2026-04-19,7,False,226.0,False
6F061,IndiGo,MAA,BOM,MAA-BOM,2026-04-19 07:28:41,2026-04-19 08:09:41,2026-04-19,7,False,41.0,False
AI032,Air India,MAA,BLR,MAA-BLR,2026-04-19 07:26:41,2026-04-19 09:26:42,2026-04-19,7,False,120.00498333333333,False
UK163,Vistara,DEL,HYD,DEL-HYD,2026-04-19 07:22:41,2026-04-19 09:04:41,2026-04-19,7,False,102.0,False
SJ067,SpiceJet,MAA,BLR,MAA-BLR,2026-04-19 07:17:41,2026-04-19 08:16:41,2026-04-19,7,False,59.0,False
SJ106,SpiceJet,CCU,DEL,CCU-DEL,2026-04-19 07:16:41,2026-04-19 09:40:41,2026-04-19,7,False,144.0,False
AI086,Air India,CCU,HYD,CCU-HYD,2026-04-19 07:13:41,2026-04-19 10:09:41,2026-04-19,7,False,176.0,False
6F263,IndiGo,DEL,HYD,DEL-HYD,2026-04-19 07:07:41,2026-04-19 08:30:41,2026-04-19,7,False,83.0,False
6F163,IndiGo,MAA,BOM,MAA-BOM,2026-04-19 06:49:41,2026-04-19 10:46:41,2026-04-19,6,False,237.0,False
SJ064,SpiceJet,CCU,DEL,CCU-DEL,2026-04-19 06:29:41,2026-04-19 08:43:41,2026-04-19,6,False,134.0,False
UK118,Vistara,HYD,BLR,HYD-BLR,2026-04-19 06:22:41,2026-04-19 07:22:42,2026-04-19,6,False,60.00496666666666,False
UK022,Vistara,DEL,HYD,DEL-HYD,2026-04-19 06:22:41,2026-04-19 10:59:41,2026-04-19,6,False,277.0,False
UK099,Vistara,BOM,MAA,BOM-MAA,2026-04-19 06:16:41,2026-04-19 10:24:41,2026-04-19,6,False,248.0,False
6F212,IndiGo,BLR,CCU,BLR-CCU,2026-04-19 06:10:41,2026-04-19 10:52:41,2026-04-19,6,False,282.0,False
AI023,Air India,HYD,BLR,HYD-BLR,2026-04-19 06:10:41,2026-04-19 09:35:41,2026-04-19,6,False,205.0,False
SJ245,SpiceJet,BOM,DEL,BOM-DEL,2026-04-19 06:07:41,2026-04-19 09:39:41,2026-04-19,6,False,212.0,False
6F066,IndiGo,BLR,HYD,BLR-HYD,2026-04-19 06:07:41,2026-04-19 07:43:41,2026-04-19,6,False,96.0,False
AI138,Air India,DEL,CCU,DEL-CCU,2026-04-19 05:50:41,2026-04-19 06:40:41,2026-04-19,5,False,50.0,False
SJ021,SpiceJet,HYD,BLR,HYD-BLR,2026-04-19 05:48:41,2026-04-19 09:46:41,2026-04-19,5,False,238.0,False
SJ136,SpiceJet,HYD,BLR,HYD-BLR,2026-04-19 05:45:41,2026-04-19 08:04:41,2026-04-19,5,False,139.0,False
AI148,Air India,HYD,MAA,HYD-MAA,2026-04-19 05:41:41,2026-04-19 08:32:41,2026-04-19,5,False,171.0,False
SJ014,SpiceJet,BOM,HYD,BOM-HYD,2026-04-19 05:40:41,2026-04-19 06:39:41,2026-04-19,5,False,59.0,False
6F104,IndiGo,CCU,BOM,CCU-BOM,2026-04-19 05:39:41,2026-04-19 06:14:41,2026-04-19,5,False,35.0,False
SJ121,SpiceJet,CCU,DEL,CCU-DEL,2026-04-19 05:32:41,2026-04-19 06:47:41,2026-04-19,5,False,75.0,False
UK174,Vistara,CCU,DEL,CCU-DEL,2026-04-19 05:27:41,2026-04-19 07:47:41,2026-04-19,5,False,140.0,False
AI033,Air India,MAA,CCU,MAA-CCU,2026-04-19 05:25:41,2026-04-19 10:21:41,2026-04-19,5,False,296.0,False
SJ122,SpiceJet,CCU,BOM,CCU-BOM,2026-04-19 05:22:41,2026-04-19 10:09:41,2026-04-19,5,False,287.0,False
UK095,Vistara,BOM,MAA,BOM-MAA,2026-04-19 05:22:41,2026-04-19 07:36:41,2026-04-19,5,False,134.0,False
SJ026,SpiceJet,CCU,MAA,CCU-MAA,2026-04-19 05:22:41,2026-04-19 09:40:41,2026-04-19,5,False,258.0,False
6F221,IndiGo,MAA,DEL,MAA-DEL,2026-04-19 05:20:41,2026-04-19 08:52:41,2026-04-19,5,False,212.0,False
SJ103,SpiceJet,MAA,BLR,MAA-BLR,2026-04-19 05:16:41,2026-04-19 08:56:41,2026-04-19,5,False,220.0,False
SJ011,SpiceJet,BOM,MAA,BOM-MAA,2026-04-19 05:14:41,2026-04-19 09:59:41,2026-04-19,5,False,285.0,False
AI002,Air India,HYD,BLR,HYD-BLR,2026-04-19 05:12:41,2026-04-19 07:12:41,2026-04-19,5,False,120.0,False
AI046,Air India,DEL,BOM,DEL-BOM,2026-04-19 05:09:41,2026-04-19 08:00:41,2026-04-19,5,False,171.0,False
SJ053,SpiceJet,CCU,DEL,CCU-DEL,2026-04-19 05:00:41,2026-04-19 06:38:41,2026-04-19,5,False,98.0,False
AI236,Air India,DEL,BOM,DEL-BOM,2026-04-19 04:52:41,2026-04-19 09:11:41,2026-04-19,4,False,259.0,False
AI254,Air India,CCU,HYD,CCU-HYD,2026-04-19 04:46:41,2026-04-19 08:06:41,2026-04-19,4,False,200.0,False
6F063,IndiGo,DEL,HYD,DEL-HYD,2026-04-19 04:42:41,2026-04-19 07:31:41,2026-04-19,4,False,169.0,False
6F115,IndiGo,MAA,BLR,MAA-BLR,2026-04-19 04:41:41,2026-04-19 06:23:41,2026-04-19,4,False,102.0,False
UK070,Vistara,BOM,DEL,BOM-DEL,2026-04-19 04:36:41,2026-04-19 06:49:41,2026-04-19,4,False,133.0,False
SJ147,SpiceJet,BLR,CCU,BLR-CCU,2026-04-19 04:30:41,2026-04-19 08:52:41,2026-04-19,4,False,262.0,False
UK201,Vistara,HYD,BOM,HYD-BOM,2026-04-19 04:29:41,2026-04-19 06:42:41,2026-04-19,4,False,133.0,False
SJ234,SpiceJet,BLR,CCU,BLR-CCU,2026-04-19 04:20:41,2026-04-19 06:23:41,2026-04-19,4,False,123.0,False
AI176,Air India,BLR,DEL,BLR-DEL,2026-04-19 04:20:41,2026-04-19 06:25:41,2026-04-19,4,False,125.0,False
SJ045,SpiceJet,DEL,MAA,DEL-MAA,2026-04-19 04:16:41,2026-04-19 09:03:41,2026-04-19,4,False,287.0,False
SJ174,SpiceJet,CCU,DEL,CCU-DEL,2026-04-19 04:09:41,2026-04-19 05:04:41,2026-04-19,4,False,55.0,False
AI007,Air India,MAA,DEL,MAA-DEL,2026-04-19 04:01:41,2026-04-19 06:01:42,2026-04-19,4,False,120.00498333333333,False
AI143,Air India,CCU,DEL,CCU-DEL,2026-04-19 03:58:41,2026-04-19 04:36:41,2026-04-19,3,False,38.0,False
SJ241,SpiceJet,DEL,HYD,DEL-HYD,2026-04-19 03:57:41,2026-04-19 06:36:41,2026-04-19,3,False,159.0,False
AI020,Air India,BOM,BLR,BOM-BLR,2026-04-19 03:53:41,2026-04-19 06:21:41,2026-04-19,3,False,148.0,False
UK031,Vistara,CCU,DEL,CCU-DEL,2026-04-19 03:45:41,2026-04-19 07:20:41,2026-04-19,3,False,215.0,False
AI013,Air India,HYD,BLR,HYD-BLR,2026-04-19 03:41:41,2026-04-19 04:58:41,2026-04-19,3,False,77.0,False
AI249,Air India,BLR,HYD,BLR-HYD,2026-04-19 03:38:41,2026-04-19 06:27:41,2026-04-19,3,False,169.0,False
UK046,Vistara,CCU,DEL,CCU-DEL,2026-04-19 03:37:41,2026-04-19 06:05:41,2026-04-19,3,False,148.0,False
UK168,Vistara,BLR,CCU,BLR-CCU,2026-04-19 03:20:41,2026-04-19 04:09:41,2026-04-19,3,False,49.0,False
AI022,Air India,BOM,MAA,BOM-MAA,2026-04-19 03:15:41,2026-04-19 05:10:41,2026-04-19,3,False,115.0,False
UK218,Vistara,MAA,BLR,MAA-BLR,2026-04-19 03:12:41,2026-04-19 07:22:41,2026-04-19,3,False,250.0,False
UK142,Vistara,BLR,DEL,BLR-DEL,2026-04-19 03:03:41,2026-04-19 07:13:41,2026-04-19,3,False,250.0,False
6F067,IndiGo,MAA,BLR,MAA-BLR,2026-04-19 02:59:41,2026-04-19 06:02:41,2026-04-19,2,False,183.0,False
SJ217,SpiceJet,BOM,CCU,BOM-CCU,2026-04-19 02:57:41,2026-04-19 06:04:41,2026-04-19,2,False,187.0,False
SJ143,SpiceJet,DEL,BOM,DEL-BOM,2026-04-19 02:55:41,2026-04-19 03:52:41,2026-04-19,2,False,57.0,False
AI243,Air India,BLR,BOM,BLR-BOM,2026-04-19 02:50:41,2026-04-19 05:09:41,2026-04-19,2,False,139.0,False
SJ246,SpiceJet,BOM,DEL,BOM-DEL,2026-04-19 02:47:41,2026-04-19 03:47:42,2026-04-19,2,False,60.004933333333334,False
6F170,IndiGo,HYD,DEL,HYD-DEL,2026-04-19 02:44:41,2026-04-19 04:14:41,2026-04-19,2,False,90.0,False
UK157,Vistara,CCU,BOM,CCU-BOM,2026-04-19 02:41:41,2026-04-19 03:41:42,2026-04-19,2,False,60.00495,False
UK172,Vistara,DEL,BOM,DEL-BOM,2026-04-19 02:20:41,2026-04-19 05:21:41,2026-04-19,2,False,181.0,False
SJ139,SpiceJet,DEL,BLR,DEL-BLR,2026-04-19 02:20:41,2026-04-19 06:02:41,2026-04-19,2,False,222.0,False
UK085,Vistara,MAA,DEL,MAA-DEL,2026-04-19 02:15:41,2026-04-19 03:17:41,2026-04-19,2,False,62.0,False
6F079,IndiGo,MAA,HYD,MAA-HYD,2026-04-19 02:14:41,2026-04-19 06:18:41,2026-04-19,2,False,244.0,False
SJ032,SpiceJet,MAA,BOM,MAA-BOM,2026-04-19 02:11:41,2026-04-19 04:33:41,2026-04-19,2,False,142.0,False
6F182,IndiGo,BOM,CCU,BOM-CCU,2026-04-19 02:10:41,2026-04-19 04:18:41,2026-04-19,2,False,128.0,False
AI106,Air India,HYD,BLR,HYD-BLR,2026-04-19 02:07:41,2026-04-19 03:20:41,2026-04-19,2,False,73.0,False
AI200,Air India,HYD,MAA,HYD-MAA,2026-04-19 02:05:41,2026-04-19 05:29:41,2026-04-19,2,False,204.0,False
6F142,IndiGo,CCU,MAA,CCU-MAA,2026-04-19 02:05:41,2026-04-19 06:04:41,2026-04-19,2,False,239.0,False
SJ079,SpiceJet,HYD,DEL,HYD-DEL,2026-04-19 01:58:41,2026-04-19 05:02:41,2026-04-19,1,False,184.0,False
SJ082,SpiceJet,BOM,DEL,BOM-DEL,2026-04-19 01:54:41,2026-04-19 02:33:41,2026-04-19,1,False,39.0,False
SJ110,SpiceJet,CCU,DEL,CCU-DEL,2026-04-19 01:47:41,2026-04-19 02:20:41,2026-04-19,1,False,33.0,False
6F262,IndiGo,MAA,DEL,MAA-DEL,2026-04-19 01:44:41,2026-04-19 02:47:41,2026-04-19,1,False,63.0,False
UK143,Vistara,BLR,BOM,BLR-BOM,2026-04-19 01:34:41,2026-04-19 02:48:41,2026-04-19,1,False,74.0,False
6F269,IndiGo,HYD,MAA,HYD-MAA,2026-04-19 01:30:41,2026-04-19 02:52:41,2026-04-19,1,False,82.0,False
6F214,IndiGo,BOM,CCU,BOM-CCU,2026-04-19 01:21:41,2026-04-19 05:20:41,2026-04-19,1,False,239.0,False
SJ213,SpiceJet,BOM,CCU,BOM-CCU,2026-04-19 01:19:41,2026-04-19 04:48:41,2026-04-19,1,False,209.0,False
SJ072,SpiceJet,DEL,HYD,DEL-HYD,2026-04-19 01:18:41,2026-04-19 04:08:41,2026-04-19,1,False,170.0,False
6F059,IndiGo,BOM,DEL,BOM-DEL,2026-04-19 01:12:41,2026-04-19 06:02:41,2026-04-19,1,False,290.0,False
UK202,Vistara,DEL,HYD,DEL-HYD,2026-04-19 01:11:41,2026-04-19 05:37:41,2026-04-19,1,False,266.0,False
UK037,Vistara,BLR,BOM,BLR-BOM,2026-04-19 01:10:41,2026-04-19 05:12:41,2026-04-19,1,False,242.0,False
UK069,Vistara,CCU,DEL,CCU-DEL,2026-04-19 01:10:41,2026-04-19 03:23:41,2026-04-19,1,False,133.0,False
SJ118,SpiceJet,DEL,BOM,DEL-BOM,2026-04-19 01:08:41,2026-04-19 02:33:41,2026-04-19,1,False,85.0,False
6F145,IndiGo,CCU,DEL,CCU-DEL,2026-04-19 01:02:41,2026-04-19 02:18:41,2026-04-19,1,False,76.0,False
UK097,Vistara,HYD,BOM,HYD-BOM,2026-04-19 00:49:41,2026-04-19 05:00:41,2026-04-19,0,False,251.0,False
6F117,IndiGo,CCU,DEL,CCU-DEL,2026-04-19 00:46:41,2026-04-19 01:51:41,2026-04-19,0,False,65.0,False
6F226,IndiGo,DEL,BOM,DEL-BOM,2026-04-19 00:38:41,2026-04-19 02:55:41,2026-04-19,0,False,137.0,False
6F050,IndiGo,DEL,BOM,DEL-BOM,2026-04-19 00:35:41,2026-04-19 04:32:41,2026-04-19,0,False,237.0,False
UK196,Vistara,BOM,HYD,BOM-HYD,2026-04-19 00:32:41,2026-04-19 04:49:41,2026-04-19,0,False,257.0,False
SJ086,SpiceJet,CCU,DEL,CCU-DEL,2026-04-19 00:32:41,2026-04-19 04:17:41,2026-04-19,0,False,225.0,False
AI134,Air India,HYD,BOM,HYD-BOM,2026-04-19 00:28:41,2026-04-19 04:23:41,2026-04-19,0,False,235.0,False
AI043,Air India,CCU,DEL,CCU-DEL,2026-04-19 00:28:41,2026-04-19 04:37:41,2026-04-19,0,False,249.0,False
UK119,Vistara,BOM,CCU,BOM-CCU,2026-04-19 00:21:41,2026-04-19 04:38:41,2026-04-19,0,False,257.0,False
SJ181,SpiceJet,BOM,BLR,BOM-BLR,2026-04-19 00:20:41,2026-04-19 01:49:41,2026-04-19,0,False,89.0,False
AI070,Air India,CCU,DEL,CCU-DEL,2026-04-19 00:05:41,2026-04-19 01:44:41,2026-04-19,0,False,99.0,False
6F233,IndiGo,BLR,BOM,BLR-BOM,2026-04-18 23:56:41,2026-04-19 03:53:41,2026-04-18,23,True,237.0,False
UK013,Vistara,BOM,MAA,BOM-MAA,2026-04-18 23:52:41,2026-04-19 02:52:41,2026-04-18,23,True,180.0,False
6F015,IndiGo,BOM,CCU,BOM-CCU,2026-04-18 23:39:41,2026-04-19 02:27:41,2026-04-18,23,True,168.0,False
SJ247,SpiceJet,DEL,BOM,DEL-BOM,2026-04-18 23:38:41,2026-04-19 03:43:41,2026-04-18,23,True,245.0,False
AI067,Air India,HYD,DEL,HYD-DEL,2026-04-18 23:36:41,2026-04-19 03:09:41,2026-04-18,23,True,213.0,False
AI211,Air India,DEL,CCU,DEL-CCU,2026-04-18 23:34:41,2026-04-19 01:21:41,2026-04-18,23,True,107.0,False
UK029,Vistara,DEL,BOM,DEL-BOM,2026-04-18 23:26:41,2026-04-19 02:15:41,2026-04-18,23,True,169.0,False
SJ200,SpiceJet,BOM,DEL,BOM-DEL,2026-04-18 23:24:41,2026-04-19 02:11:41,2026-04-18,23,True,167.0,False
6F087,IndiGo,DEL,HYD,DEL-HYD,2026-04-18 23:24:41,2026-04-19 03:10:41,2026-04-18,23,True,226.0,False
SJ210,SpiceJet,HYD,CCU,HYD-CCU,2026-04-18 23:21:41,2026-04-19 02:54:41,2026-04-18,23,True,213.0,False
AI101,Air India,DEL,BLR,DEL-BLR,2026-04-18 23:20:41,2026-04-19 02:23:41,2026-04-18,23,True,183.0,False
UK075,Vistara,MAA,CCU,MAA-CCU,2026-04-18 23:15:41,2026-04-19 03:54:41,2026-04-18,23,True,279.0,False
SJ091,SpiceJet,BLR,CCU,BLR-CCU,2026-04-18 23:10:41,2026-04-19 00:47:41,2026-04-18,23,True,97.0,False
AI251,Air India,MAA,DEL,MAA-DEL,2026-04-18 22:40:41,2026-04-18 23:24:41,2026-04-18,22,False,44.0,False
SJ042,SpiceJet,HYD,CCU,HYD-CCU,2026-04-18 22:38:41,2026-04-19 02:20:41,2026-04-18,22,True,222.0,False
UK126,Vistara,CCU,DEL,CCU-DEL,2026-04-18 22:37:41,2026-04-19 00:03:41,2026-04-18,22,True,86.0,False
6F042,IndiGo,HYD,DEL,HYD-DEL,2026-04-18 22:35:41,2026-04-19 02:41:41,2026-04-18,22,True,246.0,False
AI116,Air India,CCU,BOM,CCU-BOM,2026-04-18 22:30:41,2026-04-19 01:57:41,2026-04-18,22,True,207.0,False
SJ209,SpiceJet,BLR,BOM,BLR-BOM,2026-04-18 22:22:41,2026-04-19 02:03:41,2026-04-18,22,True,221.0,False
AI123,Air India,MAA,BOM,MAA-BOM,2026-04-18 22:19:41,2026-04-19 00:45:41,2026-04-18,22,True,146.0,False
6F016,IndiGo,HYD,BOM,HYD-BOM,2026-04-18 22:18:41,2026-04-18 22:54:41,2026-04-18,22,False,36.0,False
UK012,Vistara,MAA,BOM,MAA-BOM,2026-04-18 22:16:41,2026-04-19 00:25:41,2026-04-18,22,True,129.0,False
SJ188,SpiceJet,BLR,BOM,BLR-BOM,2026-04-18 22:15:41,2026-04-18 22:55:41,2026-04-18,22,False,40.0,False
UK096,Vistara,BLR,HYD,BLR-HYD,2026-04-18 22:11:41,2026-04-19 00:06:41,2026-04-18,22,True,115.0,False
SJ046,SpiceJet,BOM,MAA,BOM-MAA,2026-04-18 22:01:41,2026-04-19 01:25:41,2026-04-18,22,True,204.0,False
UK081,Vistara,BLR,DEL,BLR-DEL,2026-04-18 22:00:41,2026-04-18 23:00:41,2026-04-18,22,False,60.0,False
UK191,Vistara,MAA,BLR,MAA-BLR,2026-04-18 21:51:41,2026-04-18 22:57:41,2026-04-18,21,False,66.0,False
6F064,IndiGo,CCU,DEL,CCU-DEL,2026-04-18 21:45:41,2026-04-18 22:50:41,2026-04-18,21,False,65.0,False
AI005,Air India,DEL,CCU,DEL-CCU,2026-04-18 21:24:41,2026-04-18 22:11:41,2026-04-18,21,False,47.0,False
6F021,IndiGo,BLR,MAA,BLR-MAA,2026-04-18 21:23:41,2026-04-19 01:25:41,2026-04-18,21,True,242.0,False
AI169,Air India,CCU,DEL,CCU-DEL,2026-04-18 21:21:41,2026-04-19 01:34:41,2026-04-18,21,True,253.0,False
UK035,Vistara,HYD,BOM,HYD-BOM,2026-04-18 21:08:41,2026-04-18 22:24:41,2026-04-18,21,False,76.0,False
AI040,Air India,HYD,BLR,HYD-BLR,2026-04-18 21:01:41,2026-04-18 22:42:41,2026-04-18,21,False,101.0,False
UK042,Vistara,MAA,BOM,MAA-BOM,2026-04-18 20:59:41,2026-04-19 01:38:41,2026-04-18,20,True,279.0,False
SJ171,SpiceJet,DEL,HYD,DEL-HYD,2026-04-18 20:52:41,2026-04-18 23:52:41,2026-04-18,20,False,180.0,False
AI250,Air India,BOM,CCU,BOM-CCU,2026-04-18 20:48:41,2026-04-19 00:12:41,2026-04-18,20,True,204.0,False
SJ195,SpiceJet,BOM,CCU,BOM-CCU,2026-04-18 20:41:41,2026-04-18 23:54:41,2026-04-18,20,False,193.0,False
UK211,Vistara,MAA,CCU,MAA-CCU,2026-04-18 20:39:41,2026-04-18 22:02:41,2026-04-18,20,False,83.0,False
UK122,Vistara,HYD,CCU,HYD-CCU,2026-04-18 20:29:42,2026-04-18 23:29:42,2026-04-18,20,False,180.0,False
AI136,Air India,BLR,DEL,BLR-DEL,2026-04-18 20:29:41,2026-04-18 23:48:41,2026-04-18,20,False,199.0,False
6F141,IndiGo,BOM,CCU,BOM-CCU,2026-04-18 20:26:41,2026-04-18 22:28:41,2026-04-18,20,False,122.0,False
6F053,IndiGo,DEL,HYD,DEL-HYD,2026-04-18 20:26:41,2026-04-19 00:39:41,2026-04-18,20,True,253.0,False
6F136,IndiGo,CCU,DEL,CCU-DEL,2026-04-18 20:24:41,2026-04-18 21:01:41,2026-04-18,20,False,37.0,False
6F009,IndiGo,BLR,CCU,BLR-CCU,2026-04-18 20:21:41,2026-04-18 23:36:41,2026-04-18,20,False,195.0,False
6F023,IndiGo,MAA,BLR,MAA-BLR,2026-04-18 20:18:41,2026-04-19 00:14:41,2026-04-18,20,True,236.0,False
UK006,Vistara,MAA,CCU,MAA-CCU,2026-04-18 20:16:41,2026-04-18 21:55:41,2026-04-18,20,False,99.0,False
SJ165,SpiceJet,CCU,BOM,CCU-BOM,2026-04-18 20:08:41,2026-04-18 23:18:41,2026-04-18,20,False,190.0,False
6F189,IndiGo,MAA,BLR,MAA-BLR,2026-04-18 20:08:41,2026-04-18 21:51:41,2026-04-18,20,False,103.0,False
AI131,Air India,MAA,BOM,MAA-BOM,2026-04-18 19:55:41,2026-04-18 22:35:41,2026-04-18,19,False,160.0,False
6F004,IndiGo,BOM,CCU,BOM-CCU,2026-04-18 19:53:41,2026-04-18 23:33:41,2026-04-18,19,False,220.0,False
AI027,Air India,BOM,MAA,BOM-MAA,2026-04-18 19:41:41,2026-04-18 23:23:41,2026-04-18,19,False,222.0,False
AI238,Air India,CCU,MAA,CCU-MAA,2026-04-18 19:25:41,2026-04-19 00:07:41,2026-04-18,19,True,282.0,False
SJ105,SpiceJet,BOM,HYD,BOM-HYD,2026-04-18 19:22:41,2026-04-18 22:48:41,2026-04-18,19,False,206.0,False
UK088,Vistara,MAA,BLR,MAA-BLR,2026-04-18 19:16:41,2026-04-18 23:36:41,2026-04-18,19,False,260.0,False
6F035,IndiGo,CCU,HYD,CCU-HYD,2026-04-18 19:16:41,2026-04-18 23:40:41,2026-04-18,19,False,264.0,False
AI133,Air India,DEL,CCU,DEL-CCU,2026-04-18 19:12:41,2026-04-18 21:32:41,2026-04-18,19,False,140.0,False
AI001,Air India,DEL,HYD,DEL-HYD,2026-04-18 19:00:41,2026-04-18 22:03:41,2026-04-18,19,False,183.0,False
SJ133,SpiceJet,BOM,CCU,BOM-CCU,2026-04-18 18:50:41,2026-04-18 21:29:41,2026-04-18,18,False,159.0,False
SJ216,SpiceJet,BOM,CCU,BOM-CCU,2026-04-18 18:35:41,2026-04-18 21:31:41,2026-04-18,18,False,176.0,False
SJ225,SpiceJet,DEL,HYD,DEL-HYD,2026-04-18 18:16:41,2026-04-18 20:53:41,2026-04-18,18,False,157.0,False
AI147,Air India,HYD,CCU,HYD-CCU,2026-04-18 18:14:41,2026-04-18 20:10:41,2026-04-18,18,False,116.0,False
SJ054,SpiceJet,MAA,BLR,MAA-BLR,2026-04-18 18:13:41,2026-04-18 22:46:41,2026-04-18,18,False,273.0,False
6F197,IndiGo,BOM,BLR,BOM-BLR,2026-04-18 17:59:41,2026-04-18 22:44:41,2026-04-18,17,False,285.0,False
SJ066,SpiceJet,HYD,CCU,HYD-CCU,2026-04-18 17:47:41,2026-04-18 19:03:41,2026-04-18,17,False,76.0,False
SJ183,SpiceJet,CCU,DEL,CCU-DEL,2026-04-18 17:44:41,2026-04-18 19:40:41,2026-04-18,17,False,116.0,False
SJ151,SpiceJet,BOM,CCU,BOM-CCU,2026-04-18 17:44:41,2026-04-18 19:16:41,2026-04-18,17,False,92.0,False
SJ071,SpiceJet,CCU,MAA,CCU-MAA,2026-04-18 17:43:41,2026-04-18 19:32:41,2026-04-18,17,False,109.0,False
SJ102,SpiceJet,MAA,CCU,MAA-CCU,2026-04-18 17:26:41,2026-04-18 18:58:41,2026-04-18,17,False,92.0,False
AI209,Air India,BLR,CCU,BLR-CCU,2026-04-18 17:25:41,2026-04-18 18:37:41,2026-04-18,17,False,72.0,False
6F111,IndiGo,HYD,DEL,HYD-DEL,2026-04-18 17:09:41,2026-04-18 20:02:41,2026-04-18,17,False,173.0,False
AI050,Air India,BLR,BOM,BLR-BOM,2026-04-18 17:07:41,2026-04-18 19:42:41,2026-04-18,17,False,155.0,False
SJ189,SpiceJet,HYD,BLR,HYD-BLR,2026-04-18 17:05:41,2026-04-18 22:01:41,2026-04-18,17,False,296.0,False
UK112,Vistara,CCU,DEL,CCU-DEL,2026-04-18 17:05:41,2026-04-18 19:47:41,2026-04-18,17,False,162.0,False
6F171,IndiGo,DEL,BLR,DEL-BLR,2026-04-18 17:03:41,2026-04-18 18:12:41,2026-04-18,17,False,69.0,False
AI011,Air India,CCU,BOM,CCU-BOM,2026-04-18 16:58:41,2026-04-18 21:01:41,2026-04-18,16,False,243.0,False
6F027,IndiGo,BLR,DEL,BLR-DEL,2026-04-18 16:52:41,2026-04-18 18:21:41,2026-04-18,16,False,89.0,False
UK082,Vistara,DEL,BOM,DEL-BOM,2026-04-18 16:50:41,2026-04-18 21:21:41,2026-04-18,16,False,271.0,False
UK138,Vistara,DEL,BLR,DEL-BLR,2026-04-18 16:47:41,2026-04-18 19:36:41,2026-04-18,16,False,169.0,False
UK198,Vistara,DEL,BLR,DEL-BLR,2026-04-18 16:43:41,2026-04-18 18:18:41,2026-04-18,16,False,95.0,False
6F039,IndiGo,MAA,CCU,MAA-CCU,2026-04-18 16:43:41,2026-04-18 21:01:41,2026-04-18,16,False,258.0,False
6F157,IndiGo,MAA,CCU,MAA-CCU,2026-04-18 16:37:41,2026-04-18 18:04:41,2026-04-18,16,False,87.0,False
SJ024,SpiceJet,DEL,MAA,DEL-MAA,2026-04-18 16:29:41,2026-04-18 20:21:41,2026-04-18,16,False,232.0,False
6F167,IndiGo,BLR,BOM,BLR-BOM,2026-04-18 16:26:41,2026-04-18 17:50:41,2026-04-18,16,False,84.0,False
AI197,Air India,BOM,CCU,BOM-CCU,2026-04-18 16:25:41,2026-04-18 20:00:41,2026-04-18,16,False,215.0,False
SJ211,SpiceJet,MAA,BOM,MAA-BOM,2026-04-18 16:22:41,2026-04-18 18:34:41,2026-04-18,16,False,132.0,False
6F055,IndiGo,DEL,CCU,DEL-CCU,2026-04-18 16:21:41,2026-04-18 18:49:41,2026-04-18,16,False,148.0,False
AI253,Air India,BLR,BOM,BLR-BOM,2026-04-18 16:13:41,2026-04-18 19:51:41,2026-04-18,16,False,218.0,False
UK060,Vistara,BLR,CCU,BLR-CCU,2026-04-18 16:09:41,2026-04-18 19:42:41,2026-04-18,16,False,213.0,False
6F257,IndiGo,MAA,CCU,MAA-CCU,2026-04-18 16:04:41,2026-04-18 19:55:41,2026-04-18,16,False,231.0,False
SJ135,SpiceJet,MAA,CCU,MAA-CCU,2026-04-18 16:03:41,2026-04-18 19:48:41,2026-04-18,16,False,225.0,False
AI247,Air India,BOM,CCU,BOM-CCU,2026-04-18 15:58:41,2026-04-18 19:02:41,2026-04-18,15,False,184.0,False
UK127,Vistara,BOM,HYD,BOM-HYD,2026-04-18 15:56:41,2026-04-18 20:00:41,2026-04-18,15,False,244.0,False
AI109,Air India,BLR,BOM,BLR-BOM,2026-04-18 15:53:41,2026-04-18 20:14:41,2026-04-18,15,False,261.0,False
AI057,Air India,BOM,CCU,BOM-CCU,2026-04-18 15:53:41,2026-04-18 19:22:41,2026-04-18,15,False,209.0,False
6F103,IndiGo,CCU,MAA,CCU-MAA,2026-04-18 15:37:41,2026-04-18 18:32:41,2026-04-18,15,False,175.0,False
SJ144,SpiceJet,BLR,BOM,BLR-BOM,2026-04-18 15:35:41,2026-04-18 19:12:41,2026-04-18,15,False,217.0,False
6F076,IndiGo,CCU,HYD,CCU-HYD,2026-04-18 15:35:41,2026-04-18 16:20:41,2026-04-18,15,False,45.0,False
6F240,IndiGo,DEL,HYD,DEL-HYD,2026-04-18 15:31:41,2026-04-18 19:56:41,2026-04-18,15,False,265.0,False
UK057,Vistara,CCU,DEL,CCU-DEL,2026-04-18 15:25:41,2026-04-18 20:04:41,2026-04-18,15,False,279.0,False
AI201,Air India,BLR,CCU,BLR-CCU,2026-04-18 15:19:41,2026-04-18 16:40:41,2026-04-18,15,False,81.0,False
SJ242,SpiceJet,BLR,HYD,BLR-HYD,2026-04-18 14:55:41,2026-04-18 17:42:41,2026-04-18,14,False,167.0,False
6F037,IndiGo,BOM,MAA,BOM-MAA,2026-04-18 14:51:41,2026-04-18 17:23:41,2026-04-18,14,False,152.0,False
SJ132,SpiceJet,MAA,DEL,MAA-DEL,2026-04-18 14:44:41,2026-04-18 15:36:41,2026-04-18,14,False,52.0,False
AI055,Air India,CCU,BOM,CCU-BOM,2026-04-18 14:39:41,2026-04-18 16:18:41,2026-04-18,14,False,99.0,False
6F252,IndiGo,MAA,BLR,MAA-BLR,2026-04-18 14:25:41,2026-04-18 18:52:41,2026-04-18,14,False,267.0,False
AI183,Air India,DEL,CCU,DEL-CCU,2026-04-18 14:24:41,2026-04-18 16:06:41,2026-04-18,14,False,102.0,False
SJ125,SpiceJet,DEL,BLR,DEL-BLR,2026-04-18 14:21:41,2026-04-18 16:55:41,2026-04-18,14,False,154.0,False
SJ087,SpiceJet,BOM,DEL,BOM-DEL,2026-04-18 14:20:41,2026-04-18 19:09:41,2026-04-18,14,False,289.0,False
UK182,Vistara,HYD,CCU,HYD-CCU,2026-04-18 14:19:41,2026-04-18 18:25:41,2026-04-18,14,False,246.0,False
AI016,Air India,BOM,CCU,BOM-CCU,2026-04-18 14:15:41,2026-04-18 18:38:41,2026-04-18,14,False,263.0,False
6F107,IndiGo,CCU,BLR,CCU-BLR,2026-04-18 14:14:41,2026-04-18 17:14:42,2026-04-18,14,False,180.0049666666667,False
AI026,Air India,DEL,BOM,DEL-BOM,2026-04-18 14:14:41,2026-04-18 15:13:41,2026-04-18,14,False,59.0,False
AI177,Air India,CCU,HYD,CCU-HYD,2026-04-18 14:11:41,2026-04-18 16:26:41,2026-04-18,14,False,135.0,False
AI041,Air India,BOM,BLR,BOM-BLR,2026-04-18 14:08:41,2026-04-18 15:59:41,2026-04-18,14,False,111.0,False
6F264,IndiGo,DEL,HYD,DEL-HYD,2026-04-18 14:03:41,2026-04-18 18:23:41,2026-04-18,14,False,260.0,False
6F222,IndiGo,HYD,MAA,HYD-MAA,2026-04-18 14:01:41,2026-04-18 16:11:41,2026-04-18,14,False,130.0,False
AI004,Air India,HYD,MAA,HYD-MAA,2026-04-18 13:58:41,2026-04-18 18:12:41,2026-04-18,13,False,254.0,False
SJ126,SpiceJet,DEL,BLR,DEL-BLR,2026-04-18 13:47:41,2026-04-18 16:31:41,2026-04-18,13,False,164.0,False
SJ220,SpiceJet,BOM,CCU,BOM-CCU,2026-04-18 13:45:41,2026-04-18 15:21:41,2026-04-18,13,False,96.0,False
AI204,Air India,CCU,MAA,CCU-MAA,2026-04-18 13:40:41,2026-04-18 18:38:41,2026-04-18,13,False,298.0,False
UK098,Vistara,CCU,DEL,CCU-DEL,2026-04-18 13:38:41,2026-04-18 17:54:41,2026-04-18,13,False,256.0,False
AI090,Air India,MAA,CCU,MAA-CCU,2026-04-18 13:37:41,2026-04-18 16:11:41,2026-04-18,13,False,154.0,False
AI092,Air India,CCU,BOM,CCU-BOM,2026-04-18 13:36:41,2026-04-18 16:20:41,2026-04-18,13,False,164.0,False
AI049,Air India,CCU,MAA,CCU-MAA,2026-04-18 13:35:41,2026-04-18 15:48:41,2026-04-18,13,False,133.0,False
UK117,Vistara,BLR,BOM,BLR-BOM,2026-04-18 13:17:41,2026-04-18 16:54:41,2026-04-18,13,False,217.0,False
6F227,IndiGo,MAA,BOM,MAA-BOM,2026-04-18 13:16:41,2026-04-18 17:41:41,2026-04-18,13,False,265.0,False
AI228,Air India,BLR,BOM,BLR-BOM,2026-04-18 13:16:41,2026-04-18 17:44:41,2026-04-18,13,False,268.0,False
SJ164,SpiceJet,CCU,MAA,CCU-MAA,2026-04-18 13:14:41,2026-04-18 15:14:42,2026-04-18,13,False,120.00495,False
AI018,Air India,BOM,CCU,BOM-CCU,2026-04-18 13:12:41,2026-04-18 18:04:41,2026-04-18,13,False,292.0,False
UK192,Vistara,HYD,DEL,HYD-DEL,2026-04-18 12:54:41,2026-04-18 13:54:42,2026-04-18,12,False,60.00495,False
SJ224,SpiceJet,DEL,MAA,DEL-MAA,2026-04-18 12:41:41,2026-04-18 15:33:41,2026-04-18,12,False,172.0,False
UK050,Vistara,BOM,DEL,BOM-DEL,2026-04-18 12:39:41,2026-04-18 13:18:41,2026-04-18,12,False,39.0,False
SJ159,SpiceJet,CCU,DEL,CCU-DEL,2026-04-18 12:22:41,2026-04-18 14:05:41,2026-04-18,12,False,103.0,False
UK038,Vistara,MAA,CCU,MAA-CCU,2026-04-18 12:22:41,2026-04-18 15:31:41,2026-04-18,12,False,189.0,False
6F192,IndiGo,CCU,BLR,CCU-BLR,2026-04-18 12:20:41,2026-04-18 16:45:41,2026-04-18,12,False,265.0,False
6F173,IndiGo,BOM,CCU,BOM-CCU,2026-04-18 12:19:41,2026-04-18 13:08:41,2026-04-18,12,False,49.0,False
AI185,Air India,CCU,BOM,CCU-BOM,2026-04-18 12:16:41,2026-04-18 16:18:41,2026-04-18,12,False,242.0,False
SJ152,SpiceJet,BOM,DEL,BOM-DEL,2026-04-18 12:09:41,2026-04-18 13:50:41,2026-04-18,12,False,101.0,False
AI215,Air India,BLR,DEL,BLR-DEL,2026-04-18 12:07:41,2026-04-18 13:43:41,2026-04-18,12,False,96.0,False
AI074,Air India,CCU,BOM,CCU-BOM,2026-04-18 12:03:41,2026-04-18 12:50:41,2026-04-18,12,False,47.0,False
6F109,IndiGo,BLR,BOM,BLR-BOM,2026-04-18 12:00:41,2026-04-18 12:51:41,2026-04-18,12,False,51.0,False
6F144,IndiGo,HYD,BOM,HYD-BOM,2026-04-18 11:56:41,2026-04-18 15:11:41,2026-04-18,11,False,195.0,False
6F210,IndiGo,HYD,DEL,HYD-DEL,2026-04-18 11:51:41,2026-04-18 15:58:41,2026-04-18,11,False,247.0,False
SJ111,SpiceJet,DEL,MAA,DEL-MAA,2026-04-18 11:47:41,2026-04-18 12:59:41,2026-04-18,11,False,72.0,False
UK092,Vistara,MAA,BLR,MAA-BLR,2026-04-18 11:42:41,2026-04-18 13:17:41,2026-04-18,11,False,95.0,False
UK009,Vistara,BOM,DEL,BOM-DEL,2026-04-18 11:34:41,2026-04-18 13:41:41,2026-04-18,11,False,127.0,False
AI170,Air India,HYD,DEL,HYD-DEL,2026-04-18 11:27:41,2026-04-18 15:50:41,2026-04-18,11,False,263.0,False
6F154,IndiGo,CCU,DEL,CCU-DEL,2026-04-18 11:26:41,2026-04-18 12:23:41,2026-04-18,11,False,57.0,False
6F161,IndiGo,MAA,DEL,MAA-DEL,2026-04-18 11:24:41,2026-04-18 12:21:41,2026-04-18,11,False,57.0,False
UK128,Vistara,BOM,CCU,BOM-CCU,2026-04-18 11:22:41,2026-04-18 14:11:41,2026-04-18,11,False,169.0,False
AI186,Air India,DEL,BOM,DEL-BOM,2026-04-18 11:11:41,2026-04-18 13:05:41,2026-04-18,11,False,114.0,False
AI099,Air India,BLR,BOM,BLR-BOM,2026-04-18 11:07:41,2026-04-18 13:29:41,2026-04-18,11,False,142.0,False
6F203,IndiGo,BLR,HYD,BLR-HYD,2026-04-18 11:05:41,2026-04-18 12:56:41,2026-04-18,11,False,111.0,False
UK139,Vistara,BLR,MAA,BLR-MAA,2026-04-18 10:54:41,2026-04-18 14:31:41,2026-04-18,10,False,217.0,False
SJ008,SpiceJet,HYD,BLR,HYD-BLR,2026-04-18 10:53:41,2026-04-18 15:48:41,2026-04-18,10,False,295.0,False
AI171,Air India,MAA,BLR,MAA-BLR,2026-04-18 10:51:41,2026-04-18 13:34:41,2026-04-18,10,False,163.0,False
6F124,IndiGo,BLR,BOM,BLR-BOM,2026-04-18 10:47:41,2026-04-18 15:21:41,2026-04-18,10,False,274.0,False
6F137,IndiGo,CCU,DEL,CCU-DEL,2026-04-18 10:45:41,2026-04-18 15:01:41,2026-04-18,10,False,256.0,False
AI008,Air India,BOM,CCU,BOM-CCU,2026-04-18 10:43:41,2026-04-18 12:43:42,2026-04-18,10,False,120.00498333333333,False
SJ140,SpiceJet,HYD,DEL,HYD-DEL,2026-04-18 10:42:41,2026-04-18 14:30:41,2026-04-18,10,False,228.0,False
UK016,Vistara,DEL,CCU,DEL-CCU,2026-04-18 10:42:41,2026-04-18 11:22:41,2026-04-18,10,False,40.0,False
AI127,Air India,DEL,HYD,DEL-HYD,2026-04-18 10:37:41,2026-04-18 13:45:41,2026-04-18,10,False,188.0,False
SJ096,SpiceJet,DEL,HYD,DEL-HYD,2026-04-18 10:29:41,2026-04-18 13:45:41,2026-04-18,10,False,196.0,False
6F048,IndiGo,HYD,DEL,HYD-DEL,2026-04-18 10:27:41,2026-04-18 11:18:41,2026-04-18,10,False,51.0,False
SJ090,SpiceJet,HYD,MAA,HYD-MAA,2026-04-18 10:24:41,2026-04-18 13:11:41,2026-04-18,10,False,167.0,False
AI014,Air India,HYD,MAA,HYD-MAA,2026-04-18 10:24:41,2026-04-18 13:51:41,2026-04-18,10,False,207.0,False
6F131,IndiGo,BLR,HYD,BLR-HYD,2026-04-18 10:22:41,2026-04-18 14:20:41,2026-04-18,10,False,238.0,False
AI130,Air India,BOM,BLR,BOM-BLR,2026-04-18 10:18:41,2026-04-18 12:59:41,2026-04-18,10,False,161.0,False
UK151,Vistara,BOM,CCU,BOM-CCU,2026-04-18 10:11:41,2026-04-18 13:30:41,2026-04-18,10,False,199.0,False
6F165,IndiGo,BLR,BOM,BLR-BOM,2026-04-18 10:11:41,2026-04-18 11:09:41,2026-04-18,10,False,58.0,False
UK161,Vistara,BLR,BOM,BLR-BOM,2026-04-18 10:05:41,2026-04-18 12:48:41,2026-04-18,10,False,163.0,False
AI107,Air India,HYD,CCU,HYD-CCU,2026-04-18 10:03:41,2026-04-18 10:49:41,2026-04-18,10,False,46.0,False
SJ104,SpiceJet,HYD,DEL,HYD-DEL,2026-04-18 10:00:41,2026-04-18 11:00:42,2026-04-18,10,False,60.00496666666666,False
AI042,Air India,CCU,DEL,CCU-DEL,2026-04-18 09:53:41,2026-04-18 10:57:41,2026-04-18,9,False,64.0,False
6F266,IndiGo,CCU,MAA,CCU-MAA,2026-04-18 09:49:41,2026-04-18 11:17:41,2026-04-18,9,False,88.0,False
6F138,IndiGo,HYD,BLR,HYD-BLR,2026-04-18 09:49:41,2026-04-18 12:53:41,2026-04-18,9,False,184.0,False
SJ219,SpiceJet,BOM,DEL,BOM-DEL,2026-04-18 09:32:41,2026-04-18 14:09:41,2026-04-18,9,False,277.0,False
UK197,Vistara,BLR,HYD,BLR-HYD,2026-04-18 09:22:41,2026-04-18 10:54:41,2026-04-18,9,False,92.0,False
6F119,IndiGo,DEL,BOM,DEL-BOM,2026-04-18 09:19:41,2026-04-18 11:33:41,2026-04-18,9,False,134.0,False
SJ058,SpiceJet,DEL,HYD,DEL-HYD,2026-04-18 08:58:41,2026-04-18 13:14:41,2026-04-18,8,False,256.0,False
AI218,Air India,BOM,CCU,BOM-CCU,2026-04-18 08:55:41,2026-04-18 11:55:41,2026-04-18,8,False,180.0,False
SJ060,SpiceJet,HYD,CCU,HYD-CCU,2026-04-18 08:51:41,2026-04-18 13:46:41,2026-04-18,8,False,295.0,False
UK121,Vistara,BLR,BOM,BLR-BOM,2026-04-18 08:36:41,2026-04-18 12:36:41,2026-04-18,8,False,240.0,False
6F208,IndiGo,CCU,BOM,CCU-BOM,2026-04-18 08:27:41,2026-04-18 11:34:41,2026-04-18,8,False,187.0,False
6F153,IndiGo,CCU,BLR,CCU-BLR,2026-04-18 08:23:41,2026-04-18 12:20:41,2026-04-18,8,False,237.0,False
AI117,Air India,HYD,BLR,HYD-BLR,2026-04-18 08:18:41,2026-04-18 10:09:41,2026-04-18,8,False,111.0,False
SJ113,SpiceJet,BLR,BOM,BLR-BOM,2026-04-18 08:10:41,2026-04-18 10:10:42,2026-04-18,8,False,120.00496666666666,False
AI191,Air India,BLR,MAA,BLR-MAA,2026-04-18 07:57:41,2026-04-18 11:58:41,2026-04-18,7,False,241.0,False
6F267,IndiGo,DEL,MAA,DEL-MAA,2026-04-18 07:56:41,2026-04-18 11:49:41,2026-04-18,7,False,233.0,False
6F185,IndiGo,CCU,DEL,CCU-DEL,2026-04-18 07:49:41,2026-04-18 10:08:41,2026-04-18,7,False,139.0,False
AI114,Air India,CCU,DEL,CCU-DEL,2026-04-18 07:48:41,2026-04-18 09:03:41,2026-04-18,7,False,75.0,False
6F155,IndiGo,DEL,BLR,DEL-BLR,2026-04-18 07:47:41,2026-04-18 08:20:41,2026-04-18,7,False,33.0,False
UK045,Vistara,MAA,HYD,MAA-HYD,2026-04-18 07:43:41,2026-04-18 09:28:41,2026-04-18,7,False,105.0,False
AI111,Air India,MAA,CCU,MAA-CCU,2026-04-18 07:40:41,2026-04-18 10:39:41,2026-04-18,7,False,179.0,False
AI156,Air India,CCU,BOM,CCU-BOM,2026-04-18 07:39:41,2026-04-18 09:22:41,2026-04-18,7,False,103.0,False
SJ128,SpiceJet,CCU,BLR,CCU-BLR,2026-04-18 07:39:41,2026-04-18 10:42:41,2026-04-18,7,False,183.0,False
AI104,Air India,MAA,HYD,MAA-HYD,2026-04-18 07:35:41,2026-04-18 09:20:41,2026-04-18,7,False,105.0,False
6F225,IndiGo,HYD,CCU,HYD-CCU,2026-04-18 07:33:41,2026-04-18 12:12:41,2026-04-18,7,False,279.0,False
6F033,IndiGo,DEL,HYD,DEL-HYD,2026-04-18 07:08:41,2026-04-18 09:08:41,2026-04-18,7,False,120.0,False
6F244,IndiGo,MAA,CCU,MAA-CCU,2026-04-18 07:07:41,2026-04-18 08:31:41,2026-04-18,7,False,84.0,False
UK137,Vistara,BOM,MAA,BOM-MAA,2026-04-18 07:04:41,2026-04-18 09:14:41,2026-04-18,7,False,130.0,False
AI063,Air India,HYD,BLR,HYD-BLR,2026-04-18 07:03:41,2026-04-18 11:26:41,2026-04-18,7,False,263.0,False
SJ156,SpiceJet,BOM,DEL,BOM-DEL,2026-04-18 06:59:41,2026-04-18 07:34:41,2026-04-18,6,False,35.0,False
UK125,Vistara,HYD,BOM,HYD-BOM,2026-04-18 06:58:41,2026-04-18 11:44:41,2026-04-18,6,False,286.0,False
AI232,Air India,DEL,BLR,DEL-BLR,2026-04-18 06:43:41,2026-04-18 10:13:41,2026-04-18,6,False,210.0,False
AI167,Air India,BLR,DEL,BLR-DEL,2026-04-18 06:43:41,2026-04-18 11:10:41,2026-04-18,6,False,267.0,False
UK160,Vistara,BLR,BOM,BLR-BOM,2026-04-18 06:42:41,2026-04-18 10:58:41,2026-04-18,6,False,256.0,False
UK129,Vistara,HYD,MAA,HYD-MAA,2026-04-18 06:29:41,2026-04-18 07:29:42,2026-04-18,6,False,60.00496666666666,False
SJ230,SpiceJet,BOM,CCU,BOM-CCU,2026-04-18 06:22:41,2026-04-18 10:57:41,2026-04-18,6,False,275.0,False
SJ056,SpiceJet,HYD,DEL,HYD-DEL,2026-04-18 06:11:41,2026-04-18 07:10:41,2026-04-18,6,False,59.0,False
SJ137,SpiceJet,CCU,DEL,CCU-DEL,2026-04-18 06:08:41,2026-04-18 10:14:41,2026-04-18,6,False,246.0,False
6F081,IndiGo,MAA,BLR,MAA-BLR,2026-04-18 06:04:41,2026-04-18 07:43:41,2026-04-18,6,False,99.0,False
6F088,IndiGo,CCU,BLR,CCU-BLR,2026-04-18 05:51:41,2026-04-18 08:22:41,2026-04-18,5,False,151.0,False
6F121,IndiGo,HYD,MAA,HYD-MAA,2026-04-18 05:44:41,2026-04-18 10:42:41,2026-04-18,5,False,298.0,False
UK214,Vistara,HYD,DEL,HYD-DEL,2026-04-18 05:30:41,2026-04-18 09:10:41,2026-04-18,5,False,220.0,False
6F060,IndiGo,DEL,BLR,DEL-BLR,2026-04-18 05:29:41,2026-04-18 07:29:42,2026-04-18,5,False,120.00498333333333,False
SJ101,SpiceJet,CCU,DEL,CCU-DEL,2026-04-18 05:17:41,2026-04-18 06:57:41,2026-04-18,5,False,100.0,False
AI017,Air India,CCU,BOM,CCU-BOM,2026-04-18 05:15:41,2026-04-18 08:48:41,2026-04-18,5,False,213.0,False
6F120,IndiGo,BLR,BOM,BLR-BOM,2026-04-18 05:14:41,2026-04-18 06:14:41,2026-04-18,5,False,60.0,False
6F217,IndiGo,BLR,BOM,BLR-BOM,2026-04-18 05:13:41,2026-04-18 08:01:41,2026-04-18,5,False,168.0,False
AI194,Air India,MAA,BLR,MAA-BLR,2026-04-18 05:09:41,2026-04-18 09:38:41,2026-04-18,5,False,269.0,False
AI095,Air India,DEL,MAA,DEL-MAA,2026-04-18 05:00:41,2026-04-18 08:18:41,2026-04-18,5,False,198.0,False
SJ190,SpiceJet,BOM,CCU,BOM-CCU,2026-04-18 04:57:41,2026-04-18 09:25:41,2026-04-18,4,False,268.0,False
6F139,IndiGo,HYD,MAA,HYD-MAA,2026-04-18 04:55:41,2026-04-18 08:17:41,2026-04-18,4,False,202.0,False
6F062,IndiGo,CCU,DEL,CCU-DEL,2026-04-18 04:55:41,2026-04-18 06:22:41,2026-04-18,4,False,87.0,False
UK011,Vistara,CCU,DEL,CCU-DEL,2026-04-18 04:41:41,2026-04-18 06:25:41,2026-04-18,4,False,104.0,False
6F100,IndiGo,BOM,BLR,BOM-BLR,2026-04-18 04:40:41,2026-04-18 07:49:41,2026-04-18,4,False,189.0,False
6F228,IndiGo,HYD,MAA,HYD-MAA,2026-04-18 04:36:41,2026-04-18 09:27:41,2026-04-18,4,False,291.0,False
UK033,Vistara,HYD,DEL,HYD-DEL,2026-04-18 04:34:41,2026-04-18 09:18:41,2026-04-18,4,False,284.0,False
SJ231,SpiceJet,DEL,BLR,DEL-BLR,2026-04-18 04:23:41,2026-04-18 05:48:41,2026-04-18,4,False,85.0,False
AI166,Air India,BOM,CCU,BOM-CCU,2026-04-18 04:20:41,2026-04-18 07:23:41,2026-04-18,4,False,183.0,False
SJ176,SpiceJet,DEL,BOM,DEL-BOM,2026-04-18 04:15:41,2026-04-18 06:17:41,2026-04-18,4,False,122.0,False
SJ065,SpiceJet,MAA,BLR,MAA-BLR,2026-04-18 04:10:41,2026-04-18 06:54:41,2026-04-18,4,False,164.0,False
6F160,IndiGo,MAA,BLR,MAA-BLR,2026-04-18 04:09:41,2026-04-18 08:26:41,2026-04-18,4,False,257.0,False
AI089,Air India,CCU,BOM,CCU-BOM,2026-04-18 04:05:41,2026-04-18 04:47:41,2026-04-18,4,False,42.0,False
UK226,Vistara,MAA,HYD,MAA-HYD,2026-04-18 03:58:41,2026-04-18 05:01:41,2026-04-18,3,False,63.0,False
SJ123,SpiceJet,BOM,CCU,BOM-CCU,2026-04-18 03:57:41,2026-04-18 05:25:41,2026-04-18,3,False,88.0,False
AI054,Air India,HYD,CCU,HYD-CCU,2026-04-18 03:44:41,2026-04-18 08:10:41,2026-04-18,3,False,266.0,False
UK019,Vistara,BOM,HYD,BOM-HYD,2026-04-18 03:41:41,2026-04-18 04:35:41,2026-04-18,3,False,54.0,False
UK032,Vistara,BLR,BOM,BLR-BOM,2026-04-18 03:31:41,2026-04-18 07:28:41,2026-04-18,3,False,237.0,False
SJ100,SpiceJet,MAA,BLR,MAA-BLR,2026-04-18 03:28:41,2026-04-18 06:50:41,2026-04-18,3,False,202.0,False
SJ094,SpiceJet,MAA,HYD,MAA-HYD,2026-04-18 03:23:41,2026-04-18 08:07:41,2026-04-18,3,False,284.0,False
6F101,IndiGo,BOM,MAA,BOM-MAA,2026-04-18 03:18:41,2026-04-18 08:15:41,2026-04-18,3,False,297.0,False
6F006,IndiGo,BOM,BLR,BOM-BLR,2026-04-18 03:06:41,2026-04-18 05:06:42,2026-04-18,3,False,120.00498333333333,False
AI006,Air India,BOM,BLR,BOM-BLR,2026-04-18 03:04:41,2026-04-18 05:54:41,2026-04-18,3,False,170.0,False
AI195,Air India,CCU,MAA,CCU-MAA,2026-04-18 02:58:41,2026-04-18 04:57:41,2026-04-18,2,False,119.0,False
UK072,Vistara,BOM,BLR,BOM-BLR,2026-04-18 02:55:41,2026-04-18 05:55:42,2026-04-18,2,False,180.0049666666667,False
AI244,Air India,BLR,BOM,BLR-BOM,2026-04-18 02:50:41,2026-04-18 03:25:41,2026-04-18,2,False,35.0,False
SJ059,SpiceJet,CCU,DEL,CCU-DEL,2026-04-18 02:50:41,2026-04-18 04:06:41,2026-04-18,2,False,76.0,False
SJ009,SpiceJet,CCU,BLR,CCU-BLR,2026-04-18 02:48:41,2026-04-18 04:23:41,2026-04-18,2,False,95.0,False
AI121,Air India,HYD,MAA,HYD-MAA,2026-04-18 02:42:41,2026-04-18 06:11:41,2026-04-18,2,False,209.0,False
6F265,IndiGo,DEL,HYD,DEL-HYD,2026-04-18 02:27:41,2026-04-18 03:24:41,2026-04-18,2,False,57.0,False
6F110,IndiGo,HYD,DEL,HYD-DEL,2026-04-18 02:27:41,2026-04-18 05:48:41,2026-04-18,2,False,201.0,False
UK018,Vistara,BOM,CCU,BOM-CCU,2026-04-18 02:15:41,2026-04-18 04:08:41,2026-04-18,2,False,113.0,False
6F072,IndiGo,BLR,CCU,BLR-CCU,2026-04-18 02:14:41,2026-04-18 03:11:41,2026-04-18,2,False,57.0,False
6F159,IndiGo,CCU,BOM,CCU-BOM,2026-04-18 02:08:41,2026-04-18 02:43:41,2026-04-18,2,False,35.0,False
6F095,IndiGo,BLR,MAA,BLR-MAA,2026-04-18 01:53:41,2026-04-18 05:34:41,2026-04-18,1,False,221.0,False
SJ129,SpiceJet,CCU,BOM,CCU-BOM,2026-04-18 01:48:41,2026-04-18 05:48:41,2026-04-18,1,False,240.0,False
UK039,Vistara,HYD,BOM,HYD-BOM,2026-04-18 01:40:41,2026-04-18 02:53:41,2026-04-18,1,False,73.0,False
6F130,IndiGo,DEL,HYD,DEL-HYD,2026-04-18 01:27:41,2026-04-18 02:45:41,2026-04-18,1,False,78.0,False
6F247,IndiGo,DEL,HYD,DEL-HYD,2026-04-18 01:27:41,2026-04-18 02:45:41,2026-04-18,1,False,78.0,False
SJ233,SpiceJet,DEL,HYD,DEL-HYD,2026-04-18 01:18:41,2026-04-18 02:56:41,2026-04-18,1,False,98.0,False
6F231,IndiGo,HYD,MAA,HYD-MAA,2026-04-18 01:16:41,2026-04-18 05:43:41,2026-04-18,1,False,267.0,False
AI125,Air India,CCU,DEL,CCU-DEL,2026-04-18 01:12:41,2026-04-18 04:51:41,2026-04-18,1,False,219.0,False
6F102,IndiGo,HYD,MAA,HYD-MAA,2026-04-18 01:10:41,2026-04-18 02:24:41,2026-04-18,1,False,74.0,False
UK078,Vistara,BOM,HYD,BOM-HYD,2026-04-18 01:03:41,2026-04-18 04:32:41,2026-04-18,1,False,209.0,False
UK043,Vistara,DEL,HYD,DEL-HYD,2026-04-18 00:48:41,2026-04-18 04:52:41,2026-04-18,0,False,244.0,False
AI144,Air India,MAA,BOM,MAA-BOM,2026-04-18 00:43:41,2026-04-18 03:36:41,2026-04-18,0,False,173.0,False
UK054,Vistara,BLR,BOM,BLR-BOM,2026-04-18 00:37:41,2026-04-18 05:30:41,2026-04-18,0,False,293.0,False
UK108,Vistara,DEL,BLR,DEL-BLR,2026-04-18 00:28:41,2026-04-18 03:46:41,2026-04-18,0,False,198.0,False
6F008,IndiGo,DEL,BOM,DEL-BOM,2026-04-18 00:14:41,2026-04-18 04:59:41,2026-04-18,0,False,285.0,False
6F106,IndiGo,BOM,CCU,BOM-CCU,2026-04-18 00:10:41,2026-04-18 01:52:41,2026-04-18,0,False,102.0,False
AI203,Air India,BOM,CCU,BOM-CCU,2026-04-18 00:09:41,2026-04-18 02:56:41,2026-04-18,0,False,167.0,False
AI065,Air India,MAA,BLR,MAA-BLR,2026-04-18 00:09:41,2026-04-18 05:00:41,2026-04-18,0,False,291.0,False
UK053,Vistara,BLR,BOM,BLR-BOM,2026-04-17 23:56:41,2026-04-18 02:46:41,2026-04-17,23,True,170.0,False
UK086,Vistara,CCU,BLR,CCU-BLR,2026-04-17 23:55:41,2026-04-18 02:27:41,2026-04-17,23,True,152.0,False
SJ223,SpiceJet,HYD,MAA,HYD-MAA,2026-04-17 23:54:41,2026-04-18 01:08:41,2026-04-17,23,True,74.0,False
6F069,IndiGo,MAA,BLR,MAA-BLR,2026-04-17 23:44:41,2026-04-18 03:17:41,2026-04-17,23,True,213.0,False
6F032,IndiGo,DEL,BOM,DEL-BOM,2026-04-17 23:43:41,2026-04-18 02:22:41,2026-04-17,23,True,159.0,False
UK178,Vistara,DEL,BLR,DEL-BLR,2026-04-17 23:41:41,2026-04-18 04:09:41,2026-04-17,23,True,268.0,False
6F108,IndiGo,DEL,HYD,DEL-HYD,2026-04-17 23:41:41,2026-04-18 03:23:41,2026-04-17,23,True,222.0,False
UK147,Vistara,CCU,DEL,CCU-DEL,2026-04-17 23:35:41,2026-04-18 02:55:41,2026-04-17,23,True,200.0,False
AI187,Air India,BLR,HYD,BLR-HYD,2026-04-17 23:32:41,2026-04-18 01:16:41,2026-04-17,23,True,104.0,False
UK213,Vistara,BOM,CCU,BOM-CCU,2026-04-17 23:21:41,2026-04-18 01:01:41,2026-04-17,23,True,100.0,False
AI035,Air India,DEL,MAA,DEL-MAA,2026-04-17 23:17:41,2026-04-18 00:48:41,2026-04-17,23,True,91.0,False
UK186,Vistara,BOM,BLR,BOM-BLR,2026-04-17 23:05:41,2026-04-18 02:22:41,2026-04-17,23,True,197.0,False
6F045,IndiGo,BOM,HYD,BOM-HYD,2026-04-17 23:04:41,2026-04-18 03:38:41,2026-04-17,23,True,274.0,False
UK025,Vistara,DEL,BOM,DEL-BOM,2026-04-17 22:55:41,2026-04-18 02:47:41,2026-04-17,22,True,232.0,False
UK162,Vistara,BOM,CCU,BOM-CCU,2026-04-17 22:47:41,2026-04-18 00:21:41,2026-04-17,22,True,94.0,False
AI157,Air India,BLR,CCU,BLR-CCU,2026-04-17 22:45:41,2026-04-18 01:33:41,2026-04-17,22,True,168.0,False
6F096,IndiGo,MAA,BLR,MAA-BLR,2026-04-17 22:45:41,2026-04-18 02:58:41,2026-04-17,22,True,253.0,False
SJ229,SpiceJet,CCU,DEL,CCU-DEL,2026-04-17 22:25:41,2026-04-18 00:27:41,2026-04-17,22,True,122.0,False
AI214,Air India,CCU,DEL,CCU-DEL,2026-04-17 22:23:41,2026-04-18 02:49:41,2026-04-17,22,True,266.0,False
6F205,IndiGo,HYD,BOM,HYD-BOM,2026-04-17 22:16:41,2026-04-18 00:02:41,2026-04-17,22,True,106.0,False
SJ157,SpiceJet,DEL,HYD,DEL-HYD,2026-04-17 22:11:41,2026-04-18 01:05:41,2026-04-17,22,True,174.0,False
UK114,Vistara,HYD,CCU,HYD-CCU,2026-04-17 22:10:41,2026-04-17 23:58:41,2026-04-17,22,False,108.0,False
6F054,IndiGo,HYD,BLR,HYD-BLR,2026-04-17 22:00:41,2026-04-18 01:25:41,2026-04-17,22,True,205.0,False
6F216,IndiGo,BLR,DEL,BLR-DEL,2026-04-17 21:58:41,2026-04-18 02:51:41,2026-04-17,21,True,293.0,False
AI231,Air India,DEL,HYD,DEL-HYD,2026-04-17 21:52:41,2026-04-17 23:51:41,2026-04-17,21,False,119.0,False
UK103,Vistara,MAA,DEL,MAA-DEL,2026-04-17 21:52:41,2026-04-18 01:06:41,2026-04-17,21,True,194.0,False
AI066,Air India,HYD,MAA,HYD-MAA,2026-04-17 21:51:41,2026-04-18 00:11:41,2026-04-17,21,True,140.0,False
6F186,IndiGo,HYD,BOM,HYD-BOM,2026-04-17 21:48:41,2026-04-18 02:02:41,2026-04-17,21,True,254.0,False
AI021,Air India,DEL,HYD,DEL-HYD,2026-04-17 21:39:41,2026-04-18 01:38:41,2026-04-17,21,True,239.0,False
AI113,Air India,CCU,HYD,CCU-HYD,2026-04-17 21:21:41,2026-04-17 23:51:41,2026-04-17,21,False,150.0,False
SJ031,SpiceJet,DEL,BOM,DEL-BOM,2026-04-17 21:20:41,2026-04-17 22:29:41,2026-04-17,21,False,69.0,False
UK217,Vistara,MAA,CCU,MAA-CCU,2026-04-17 21:19:41,2026-04-17 22:14:41,2026-04-17,21,False,55.0,False
SJ120,SpiceJet,MAA,BLR,MAA-BLR,2026-04-17 21:19:41,2026-04-18 00:56:41,2026-04-17,21,True,217.0,False
UK180,Vistara,CCU,MAA,CCU-MAA,2026-04-17 21:18:41,2026-04-17 23:29:41,2026-04-17,21,False,131.0,False
6F242,IndiGo,BLR,MAA,BLR-MAA,2026-04-17 21:10:41,2026-04-18 01:04:41,2026-04-17,21,True,234.0,False
UK080,Vistara,BLR,MAA,BLR-MAA,2026-04-17 21:09:41,2026-04-17 22:29:41,2026-04-17,21,False,80.0,False
SJ124,SpiceJet,HYD,DEL,HYD-DEL,2026-04-17 21:05:41,2026-04-18 01:12:41,2026-04-17,21,True,247.0,False
SJ115,SpiceJet,BOM,HYD,BOM-HYD,2026-04-17 21:05:41,2026-04-17 23:10:41,2026-04-17,21,False,125.0,False
AI081,Air India,CCU,BOM,CCU-BOM,2026-04-17 21:03:41,2026-04-17 22:51:41,2026-04-17,21,False,108.0,False
AI142,Air India,BOM,DEL,BOM-DEL,2026-04-17 20:49:41,2026-04-17 23:03:41,2026-04-17,20,False,134.0,False
UK052,Vistara,BLR,CCU,BLR-CCU,2026-04-17 20:48:41,2026-04-17 21:40:41,2026-04-17,20,False,52.0,False
UK014,Vistara,HYD,MAA,HYD-MAA,2026-04-17 20:41:41,2026-04-17 22:06:41,2026-04-17,20,False,85.0,False
AI230,Air India,CCU,BLR,CCU-BLR,2026-04-17 20:37:41,2026-04-18 00:22:41,2026-04-17,20,True,225.0,False
6F268,IndiGo,DEL,MAA,DEL-MAA,2026-04-17 20:29:41,2026-04-17 21:58:41,2026-04-17,20,False,89.0,False
AI124,Air India,CCU,HYD,CCU-HYD,2026-04-17 20:28:41,2026-04-18 00:00:41,2026-04-17,20,True,212.0,False
6F082,IndiGo,BOM,BLR,BOM-BLR,2026-04-17 20:26:41,2026-04-17 22:26:41,2026-04-17,20,False,120.0,False
SJ035,SpiceJet,CCU,DEL,CCU-DEL,2026-04-17 20:15:41,2026-04-17 21:15:42,2026-04-17,20,False,60.004983333333335,False
SJ095,SpiceJet,DEL,MAA,DEL-MAA,2026-04-17 20:09:41,2026-04-17 23:13:41,2026-04-17,20,False,184.0,False
UK230,Vistara,BLR,BOM,BLR-BOM,2026-04-17 20:02:41,2026-04-17 21:35:41,2026-04-17,20,False,93.0,False
UK171,Vistara,HYD,CCU,HYD-CCU,2026-04-17 19:59:41,2026-04-17 22:53:41,2026-04-17,19,False,174.0,False
6F147,IndiGo,HYD,MAA,HYD-MAA,2026-04-17 19:57:41,2026-04-18 00:31:41,2026-04-17,19,True,274.0,False
SJ212,SpiceJet,MAA,BLR,MAA-BLR,2026-04-17 19:49:41,2026-04-17 21:44:41,2026-04-17,19,False,115.0,False
6F080,IndiGo,HYD,MAA,HYD-MAA,2026-04-17 19:47:41,2026-04-17 23:13:41,2026-04-17,19,False,206.0,False
UK049,Vistara,HYD,BOM,HYD-BOM,2026-04-17 19:47:41,2026-04-17 20:32:41,2026-04-17,19,False,45.0,False
AI152,Air India,BLR,CCU,BLR-CCU,2026-04-17 19:21:41,2026-04-17 20:26:41,2026-04-17,19,False,65.0,False
AI162,Air India,MAA,DEL,MAA-DEL,2026-04-17 19:20:41,2026-04-17 22:40:41,2026-04-17,19,False,200.0,False
SJ037,SpiceJet,BLR,BOM,BLR-BOM,2026-04-17 19:14:41,2026-04-17 22:31:41,2026-04-17,19,False,197.0,False
AI172,Air India,BOM,CCU,BOM-CCU,2026-04-17 19:08:41,2026-04-17 19:53:41,2026-04-17,19,False,45.0,False
UK205,Vistara,HYD,MAA,HYD-MAA,2026-04-17 18:57:41,2026-04-17 21:46:41,2026-04-17,18,False,169.0,False
AI199,Air India,HYD,DEL,HYD-DEL,2026-04-17 18:47:41,2026-04-17 22:26:41,2026-04-17,18,False,219.0,False
6F241,IndiGo,DEL,HYD,DEL-HYD,2026-04-17 18:27:41,2026-04-17 19:02:41,2026-04-17,18,False,35.0,False
SJ041,SpiceJet,CCU,HYD,CCU-HYD,2026-04-17 18:24:41,2026-04-17 22:59:41,2026-04-17,18,False,275.0,False
AI064,Air India,BLR,MAA,BLR-MAA,2026-04-17 18:24:41,2026-04-17 20:07:41,2026-04-17,18,False,103.0,False
UK169,Vistara,HYD,DEL,HYD-DEL,2026-04-17 18:12:41,2026-04-17 23:01:41,2026-04-17,18,False,289.0,False
UK144,Vistara,BOM,CCU,BOM-CCU,2026-04-17 18:07:41,2026-04-17 20:59:41,2026-04-17,18,False,172.0,False
AI118,Air India,HYD,MAA,HYD-MAA,2026-04-17 17:50:41,2026-04-17 19:59:41,2026-04-17,17,False,129.0,False
SJ145,SpiceJet,BLR,HYD,BLR-HYD,2026-04-17 17:41:41,2026-04-17 20:38:41,2026-04-17,17,False,177.0,False
SJ077,SpiceJet,BLR,MAA,BLR-MAA,2026-04-17 17:32:41,2026-04-17 19:40:41,2026-04-17,17,False,128.0,False
AI126,Air India,MAA,HYD,MAA-HYD,2026-04-17 17:26:41,2026-04-17 20:48:41,2026-04-17,17,False,202.0,False
SJ033,SpiceJet,HYD,DEL,HYD-DEL,2026-04-17 17:26:41,2026-04-17 18:51:41,2026-04-17,17,False,85.0,False
SJ180,SpiceJet,HYD,CCU,HYD-CCU,2026-04-17 17:12:41,2026-04-17 22:00:41,2026-04-17,17,False,288.0,False
6F183,IndiGo,MAA,HYD,MAA-HYD,2026-04-17 17:08:41,2026-04-17 19:52:41,2026-04-17,17,False,164.0,False
AI145,Air India,DEL,BOM,DEL-BOM,2026-04-17 17:06:41,2026-04-17 21:31:41,2026-04-17,17,False,265.0,False
6F089,IndiGo,DEL,HYD,DEL-HYD,2026-04-17 17:06:41,2026-04-17 19:10:41,2026-04-17,17,False,124.0,False
6F207,IndiGo,BOM,HYD,BOM-HYD,2026-04-17 16:59:41,2026-04-17 21:00:41,2026-04-17,16,False,241.0,False
AI229,Air India,HYD,MAA,HYD-MAA,2026-04-17 16:48:41,2026-04-17 18:40:41,2026-04-17,16,False,112.0,False
6F223,IndiGo,MAA,BLR,MAA-BLR,2026-04-17 16:47:41,2026-04-17 17:21:41,2026-04-17,16,False,34.0,False
6F116,IndiGo,MAA,CCU,MAA-CCU,2026-04-17 16:43:41,2026-04-17 19:02:41,2026-04-17,16,False,139.0,False
SJ240,SpiceJet,BOM,HYD,BOM-HYD,2026-04-17 16:42:41,2026-04-17 20:21:41,2026-04-17,16,False,219.0,False
SJ184,SpiceJet,CCU,DEL,CCU-DEL,2026-04-17 16:32:41,2026-04-17 21:00:41,2026-04-17,16,False,268.0,False
AI087,Air India,MAA,DEL,MAA-DEL,2026-04-17 16:32:41,2026-04-17 20:30:41,2026-04-17,16,False,238.0,False
UK148,Vistara,HYD,BOM,HYD-BOM,2026-04-17 16:31:41,2026-04-17 18:43:41,2026-04-17,16,False,132.0,False
AI210,Air India,BLR,BOM,BLR-BOM,2026-04-17 16:13:41,2026-04-17 18:50:41,2026-04-17,16,False,157.0,False
6F093,IndiGo,CCU,DEL,CCU-DEL,2026-04-17 16:09:41,2026-04-17 20:00:41,2026-04-17,16,False,231.0,False
SJ080,SpiceJet,CCU,MAA,CCU-MAA,2026-04-17 16:04:41,2026-04-17 17:59:41,2026-04-17,16,False,115.0,False
SJ005,SpiceJet,DEL,MAA,DEL-MAA,2026-04-17 16:03:41,2026-04-17 17:24:41,2026-04-17,16,False,81.0,False
6F040,IndiGo,HYD,CCU,HYD-CCU,2026-04-17 15:52:41,2026-04-17 20:33:41,2026-04-17,15,False,281.0,False
AI212,Air India,DEL,CCU,DEL-CCU,2026-04-17 15:31:41,2026-04-17 20:13:41,2026-04-17,15,False,282.0,False
AI154,Air India,HYD,MAA,HYD-MAA,2026-04-17 15:25:41,2026-04-17 19:16:41,2026-04-17,15,False,231.0,False
6F239,IndiGo,CCU,BOM,CCU-BOM,2026-04-17 15:24:41,2026-04-17 17:37:41,2026-04-17,15,False,133.0,False
UK199,Vistara,BOM,CCU,BOM-CCU,2026-04-17 15:24:41,2026-04-17 18:55:41,2026-04-17,15,False,211.0,False
6F218,IndiGo,BLR,BOM,BLR-BOM,2026-04-17 15:16:41,2026-04-17 19:03:41,2026-04-17,15,False,227.0,False
6F011,IndiGo,MAA,BLR,MAA-BLR,2026-04-17 15:16:41,2026-04-17 17:16:42,2026-04-17,15,False,120.00498333333333,False
UK106,Vistara,BOM,CCU,BOM-CCU,2026-04-17 15:12:41,2026-04-17 17:23:41,2026-04-17,15,False,131.0,False
UK030,Vistara,CCU,DEL,CCU-DEL,2026-04-17 15:11:41,2026-04-17 19:38:41,2026-04-17,15,False,267.0,False
6F090,IndiGo,HYD,BLR,HYD-BLR,2026-04-17 15:10:41,2026-04-17 19:22:41,2026-04-17,15,False,252.0,False
AI184,Air India,BOM,CCU,BOM-CCU,2026-04-17 15:03:41,2026-04-17 17:03:42,2026-04-17,15,False,120.00495,False
SJ232,SpiceJet,MAA,BLR,MAA-BLR,2026-04-17 15:02:41,2026-04-17 19:22:41,2026-04-17,15,False,260.0,False
AI153,Air India,BOM,CCU,BOM-CCU,2026-04-17 15:02:41,2026-04-17 16:30:41,2026-04-17,15,False,88.0,False
UK101,Vistara,DEL,HYD,DEL-HYD,2026-04-17 15:00:41,2026-04-17 17:43:41,2026-04-17,15,False,163.0,False
6F200,IndiGo,HYD,DEL,HYD-DEL,2026-04-17 14:54:41,2026-04-17 19:41:41,2026-04-17,14,False,287.0,False
6F162,IndiGo,CCU,BOM,CCU-BOM,2026-04-17 14:50:41,2026-04-17 17:44:41,2026-04-17,14,False,174.0,False
SJ197,SpiceJet,HYD,BLR,HYD-BLR,2026-04-17 14:49:41,2026-04-17 17:33:41,2026-04-17,14,False,164.0,False
AI174,Air India,DEL,CCU,DEL-CCU,2026-04-17 14:45:41,2026-04-17 17:01:41,2026-04-17,14,False,136.0,False
UK090,Vistara,HYD,MAA,HYD-MAA,2026-04-17 14:44:41,2026-04-17 17:24:41,2026-04-17,14,False,160.0,False
UK124,Vistara,MAA,BLR,MAA-BLR,2026-04-17 14:35:41,2026-04-17 17:09:41,2026-04-17,14,False,154.0,False
AI239,Air India,BOM,HYD,BOM-HYD,2026-04-17 14:33:41,2026-04-17 17:47:41,2026-04-17,14,False,194.0,False
UK002,Vistara,CCU,MAA,CCU-MAA,2026-04-17 14:28:41,2026-04-17 19:20:41,2026-04-17,14,False,292.0,False
SJ055,SpiceJet,HYD,MAA,HYD-MAA,2026-04-17 14:17:41,2026-04-17 17:56:41,2026-04-17,14,False,219.0,False
UK132,Vistara,BOM,DEL,BOM-DEL,2026-04-17 14:12:41,2026-04-17 16:19:41,2026-04-17,14,False,127.0,False
6F002,IndiGo,BLR,MAA,BLR-MAA,2026-04-17 14:11:41,2026-04-17 17:34:41,2026-04-17,14,False,203.0,False
UK005,Vistara,BOM,MAA,BOM-MAA,2026-04-17 14:02:41,2026-04-17 18:14:41,2026-04-17,14,False,252.0,False
6F258,IndiGo,BOM,DEL,BOM-DEL,2026-04-17 13:54:41,2026-04-17 16:49:41,2026-04-17,13,False,175.0,False
SJ244,SpiceJet,BLR,DEL,BLR-DEL,2026-04-17 13:51:41,2026-04-17 15:39:41,2026-04-17,13,False,108.0,False
AI075,Air India,CCU,DEL,CCU-DEL,2026-04-17 13:51:41,2026-04-17 16:49:41,2026-04-17,13,False,178.0,False
AI160,Air India,MAA,DEL,MAA-DEL,2026-04-17 13:41:41,2026-04-17 17:01:41,2026-04-17,13,False,200.0,False
UK091,Vistara,CCU,BOM,CCU-BOM,2026-04-17 13:37:41,2026-04-17 17:31:41,2026-04-17,13,False,234.0,False
UK195,Vistara,HYD,BOM,HYD-BOM,2026-04-17 13:35:41,2026-04-17 16:35:41,2026-04-17,13,False,180.0,False
6F044,IndiGo,DEL,HYD,DEL-HYD,2026-04-17 13:25:41,2026-04-17 17:36:41,2026-04-17,13,False,251.0,False
6F248,IndiGo,DEL,HYD,DEL-HYD,2026-04-17 13:25:41,2026-04-17 17:36:41,2026-04-17,13,False,251.0,False
6F204,IndiGo,DEL,CCU,DEL-CCU,2026-04-17 13:23:41,2026-04-17 16:04:41,2026-04-17,13,False,161.0,False
SJ092,SpiceJet,BLR,MAA,BLR-MAA,2026-04-17 13:19:41,2026-04-17 17:56:41,2026-04-17,13,False,277.0,False
AI119,Air India,MAA,BLR,MAA-BLR,2026-04-17 13:15:41,2026-04-17 15:57:41,2026-04-17,13,False,162.0,False
AI151,Air India,MAA,HYD,MAA-HYD,2026-04-17 13:14:41,2026-04-17 14:10:41,2026-04-17,13,False,56.0,False
UK107,Vistara,HYD,BOM,HYD-BOM,2026-04-17 13:09:41,2026-04-17 14:25:41,2026-04-17,13,False,76.0,False
SJ019,SpiceJet,BLR,DEL,BLR-DEL,2026-04-17 13:07:41,2026-04-17 15:56:41,2026-04-17,13,False,169.0,False
AI052,Air India,CCU,MAA,CCU-MAA,2026-04-17 13:06:41,2026-04-17 15:42:41,2026-04-17,13,False,156.0,False
SJ177,SpiceJet,BOM,CCU,BOM-CCU,2026-04-17 13:04:41,2026-04-17 17:37:41,2026-04-17,13,False,273.0,False
6F215,IndiGo,DEL,BLR,DEL-BLR,2026-04-17 13:00:41,2026-04-17 17:30:41,2026-04-17,13,False,270.0,False
AI223,Air India,BOM,CCU,BOM-CCU,2026-04-17 12:53:41,2026-04-17 14:42:41,2026-04-17,12,False,109.0,False
SJ069,SpiceJet,HYD,BLR,HYD-BLR,2026-04-17 12:53:41,2026-04-17 14:17:41,2026-04-17,12,False,84.0,False
6F198,IndiGo,HYD,BLR,HYD-BLR,2026-04-17 12:40:41,2026-04-17 17:39:41,2026-04-17,12,False,299.0,False
AI093,Air India,BOM,BLR,BOM-BLR,2026-04-17 12:35:41,2026-04-17 17:28:41,2026-04-17,12,False,293.0,False
UK062,Vistara,HYD,DEL,HYD-DEL,2026-04-17 12:33:41,2026-04-17 15:35:41,2026-04-17,12,False,182.0,False
6F057,IndiGo,MAA,DEL,MAA-DEL,2026-04-17 12:32:41,2026-04-17 15:50:41,2026-04-17,12,False,198.0,False
UK064,Vistara,BOM,DEL,BOM-DEL,2026-04-17 12:25:41,2026-04-17 14:55:41,2026-04-17,12,False,150.0,False
